,team_1_code,team_1_rank,team_1_score,team_2_code,team_2_rank,team_2_score,round,region,year
0,wake-forest,1,79,north-carolina-at,16,47,1,east,1995
1,minnesota,8,61,saint-louis,9,64,1,east,1995
2,alabama,5,91,pennsylvania,12,85,1,east,1995
3,oklahoma-state,4,73,drexel,13,49,1,east,1995
4,tulsa,6,68,illinois,11,62,1,east,1995
5,villanova,3,81,old-dominion,14,89,1,east,1995
6,charlotte,7,68,stanford,10,70,1,east,1995
7,massachusetts,2,68,saint-peters,15,51,1,east,1995
8,wake-forest,1,64,saint-louis,9,59,2,east,1995
9,alabama,5,52,oklahoma-state,4,66,2,east,1995
10,tulsa,6,64,old-dominion,14,52,2,east,1995
11,stanford,10,53,massachusetts,2,75,2,east,1995
12,wake-forest,1,66,oklahoma-state,4,71,3,east,1995
13,tulsa,6,51,massachusetts,2,76,3,east,1995
14,oklahoma-state,4,68,massachusetts,2,54,4,east,1995
15,kansas,1,82,colgate,16,68,1,midwest,1995
16,western-kentucky,8,82,michigan,9,76,1,midwest,1995
17,arizona,5,62,miami-oh,12,71,1,midwest,1995
18,virginia,4,96,nicholls-state,13,72,1,midwest,1995
19,memphis,6,77,louisville,11,56,1,midwest,1995
20,purdue,3,49,green-bay,14,48,1,midwest,1995
21,syracuse,7,96,southern-illinois,10,92,1,midwest,1995
22,arkansas,2,79,texas-southern,15,78,1,midwest,1995
23,kansas,1,75,western-kentucky,8,70,2,midwest,1995
24,miami-oh,12,54,virginia,4,60,2,midwest,1995
25,memphis,6,75,purdue,3,73,2,midwest,1995
26,syracuse,7,94,arkansas,2,96,2,midwest,1995
27,kansas,1,58,virginia,4,67,3,midwest,1995
28,memphis,6,91,arkansas,2,96,3,midwest,1995
29,virginia,4,61,arkansas,2,68,4,midwest,1995
30,kentucky,1,113,mount-st-marys,16,67,1,southeast,1995
31,brigham-young,8,70,tulane,9,76,1,southeast,1995
32,arizona-state,5,81,ball-state,12,66,1,southeast,1995
33,oklahoma,4,67,manhattan,13,77,1,southeast,1995
34,georgetown,6,68,xavier,11,63,1,southeast,1995
35,michigan-state,3,72,weber-state,14,79,1,southeast,1995
36,iowa-state,7,64,florida,10,61,1,southeast,1995
37,north-carolina,2,80,murray-state,15,70,1,southeast,1995
38,kentucky,1,82,tulane,9,60,2,southeast,1995
39,arizona-state,5,64,manhattan,13,54,2,southeast,1995
40,georgetown,6,53,weber-state,14,51,2,southeast,1995
41,iowa-state,7,51,north-carolina,2,73,2,southeast,1995
42,kentucky,1,97,arizona-state,5,73,3,southeast,1995
43,georgetown,6,64,north-carolina,2,74,3,southeast,1995
44,kentucky,1,61,north-carolina,2,74,4,southeast,1995
45,ucla,1,92,florida-international,16,56,1,west,1995
46,missouri,8,65,indiana,9,60,1,west,1995
47,mississippi-state,5,75,santa-clara,12,67,1,west,1995
48,utah,4,76,long-beach-state,13,64,1,west,1995
49,oregon,6,73,texas,11,90,1,west,1995
50,maryland,3,87,gonzaga,14,63,1,west,1995
51,cincinnati,7,77,temple,10,71,1,west,1995
52,connecticut,2,100,chattanooga,15,71,1,west,1995
53,ucla,1,75,missouri,8,74,2,west,1995
54,mississippi-state,5,78,utah,4,64,2,west,1995
55,texas,11,68,maryland,3,82,2,west,1995
56,cincinnati,7,91,connecticut,2,96,2,west,1995
57,ucla,1,86,mississippi-state,5,67,3,west,1995
58,maryland,3,89,connecticut,2,99,3,west,1995
59,ucla,1,102,connecticut,2,96,4,west,1995
60,ucla,1,74,oklahoma-state,4,61,1,national,1995
61,north-carolina,2,68,arkansas,2,75,1,national,1995
62,ucla,1,89,arkansas,2,78,2,national,1995
0,massachusetts,1,92,central-florida,16,70,1,east,1996
1,bradley,8,58,stanford,9,66,1,east,1996
2,penn-state,5,80,arkansas,12,86,1,east,1996
3,marquette,4,68,monmouth,13,44,1,east,1996
4,north-carolina,6,83,new-orleans,11,62,1,east,1996
5,texas-tech,3,74,northern-illinois,14,73,1,east,1996
6,new-mexico,7,69,kansas-state,10,48,1,east,1996
7,georgetown,2,93,mississippi-valley-state,15,56,1,east,1996
8,massachusetts,1,79,stanford,9,74,2,east,1996
9,arkansas,12,65,marquette,4,56,2,east,1996
10,north-carolina,6,73,texas-tech,3,92,2,east,1996
11,new-mexico,7,62,georgetown,2,73,2,east,1996
12,massachusetts,1,79,arkansas,12,63,3,east,1996
13,texas-tech,3,90,georgetown,2,98,3,east,1996
14,massachusetts,1,86,georgetown,2,62,4,east,1996
15,kentucky,1,110,san-jose-state,16,72,1,midwest,1996
16,green-bay,8,48,virginia-tech,9,61,1,midwest,1996
17,iowa-state,5,74,california,12,64,1,midwest,1996
18,utah,4,72,canisius,13,43,1,midwest,1996
19,louisville,6,82,tulsa,11,80,1,midwest,1996
20,villanova,3,92,portland,14,58,1,midwest,1996
21,michigan,7,76,texas,10,80,1,midwest,1996
22,wake-forest,2,62,louisiana-monroe,15,50,1,midwest,1996
23,kentucky,1,84,virginia-tech,9,60,2,midwest,1996
24,iowa-state,5,67,utah,4,73,2,midwest,1996
25,louisville,6,68,villanova,3,64,2,midwest,1996
26,texas,10,62,wake-forest,2,65,2,midwest,1996
27,kentucky,1,101,utah,4,70,3,midwest,1996
28,louisville,6,59,wake-forest,2,60,3,midwest,1996
29,kentucky,1,83,wake-forest,2,63,4,midwest,1996
30,connecticut,1,68,colgate,16,59,1,southeast,1996
31,duke,8,60,eastern-michigan,9,75,1,southeast,1996
32,mississippi-state,5,58,virginia-commonwealth,12,51,1,southeast,1996
33,ucla,4,41,princeton,13,43,1,southeast,1996
34,indiana,6,51,boston-college,11,64,1,southeast,1996
35,georgia-tech,3,90,austin-peay,14,79,1,southeast,1996
36,temple,7,61,oklahoma,10,43,1,southeast,1996
37,cincinnati,2,66,north-carolina-greensboro,15,61,1,southeast,1996
38,connecticut,1,95,eastern-michigan,9,81,2,southeast,1996
39,mississippi-state,5,63,princeton,13,41,2,southeast,1996
40,boston-college,11,89,georgia-tech,3,103,2,southeast,1996
41,temple,7,65,cincinnati,2,78,2,southeast,1996
42,connecticut,1,55,mississippi-state,5,60,3,southeast,1996
43,georgia-tech,3,70,cincinnati,2,87,3,southeast,1996
44,mississippi-state,5,73,cincinnati,2,63,4,southeast,1996
45,purdue,1,73,western-carolina,16,71,1,west,1996
46,georgia,8,81,clemson,9,74,1,west,1996
47,memphis,5,63,drexel,12,75,1,west,1996
48,syracuse,4,88,montana-state,13,55,1,west,1996
49,iowa,6,81,george-washington,11,79,1,west,1996
50,arizona,3,90,valparaiso,14,51,1,west,1996
51,maryland,7,79,santa-clara,10,91,1,west,1996
52,kansas,2,92,south-carolina-state,15,54,1,west,1996
53,purdue,1,69,georgia,8,76,2,west,1996
54,drexel,12,58,syracuse,4,69,2,west,1996
55,iowa,6,73,arizona,3,87,2,west,1996
56,santa-clara,10,51,kansas,2,76,2,west,1996
57,georgia,8,81,syracuse,4,83,3,west,1996
58,arizona,3,80,kansas,2,83,3,west,1996
59,syracuse,4,60,kansas,2,57,4,west,1996
60,kentucky,1,81,massachusetts,1,74,1,national,1996
61,mississippi-state,5,69,syracuse,4,77,1,national,1996
62,kentucky,1,76,syracuse,4,67,2,national,1996
0,north-carolina,1,82,fairfield,16,74,1,east,1997
1,indiana,8,62,colorado,9,80,1,east,1997
2,california,5,55,princeton,12,52,1,east,1997
3,villanova,4,101,long-island-university,13,91,1,east,1997
4,louisville,6,65,massachusetts,11,57,1,east,1997
5,new-mexico,3,59,old-dominion,14,55,1,east,1997
6,wisconsin,7,58,texas,10,71,1,east,1997
7,south-carolina,2,65,coppin-state,15,78,1,east,1997
8,north-carolina,1,73,colorado,9,56,2,east,1997
9,california,5,75,villanova,4,68,2,east,1997
10,louisville,6,64,new-mexico,3,63,2,east,1997
11,texas,10,82,coppin-state,15,81,2,east,1997
12,north-carolina,1,63,california,5,57,3,east,1997
13,louisville,6,78,texas,10,63,3,east,1997
14,north-carolina,1,97,louisville,6,74,4,east,1997
15,minnesota,1,78,texas-state,16,46,1,midwest,1997
16,mississippi,8,40,temple,9,62,1,midwest,1997
17,tulsa,5,81,boston-university,12,52,1,midwest,1997
18,clemson,4,68,miami-oh,13,56,1,midwest,1997
19,iowa-state,6,69,illinois-state,11,57,1,midwest,1997
20,cincinnati,3,86,butler,14,69,1,midwest,1997
21,xavier,7,80,vanderbilt,10,68,1,midwest,1997
22,ucla,2,109,charleston-southern,15,75,1,midwest,1997
23,minnesota,1,76,temple,9,57,2,midwest,1997
24,tulsa,5,59,clemson,4,65,2,midwest,1997
25,iowa-state,6,67,cincinnati,3,66,2,midwest,1997
26,xavier,7,83,ucla,2,96,2,midwest,1997
27,minnesota,1,90,clemson,4,84,3,midwest,1997
28,iowa-state,6,73,ucla,2,74,3,midwest,1997
29,minnesota,1,80,ucla,2,72,4,midwest,1997
30,kansas,1,78,jackson-state,16,64,1,southeast,1997
31,purdue,8,83,rhode-island,9,76,1,southeast,1997
32,maryland,5,66,college-of-charleston,12,75,1,southeast,1997
33,arizona,4,65,south-alabama,13,57,1,southeast,1997
34,illinois,6,90,southern-california,11,77,1,southeast,1997
35,georgia,3,70,chattanooga,14,73,1,southeast,1997
36,marquette,7,59,providence,10,81,1,southeast,1997
37,duke,2,71,murray-state,15,68,1,southeast,1997
38,kansas,1,75,purdue,8,61,2,southeast,1997
39,college-of-charleston,12,69,arizona,4,73,2,southeast,1997
40,illinois,6,63,chattanooga,14,75,2,southeast,1997
41,providence,10,98,duke,2,87,2,southeast,1997
42,kansas,1,82,arizona,4,85,3,southeast,1997
43,chattanooga,14,65,providence,10,71,3,southeast,1997
44,arizona,4,96,providence,10,92,4,southeast,1997
45,kentucky,1,92,montana,16,54,1,west,1997
46,iowa,8,73,virginia,9,60,1,west,1997
47,boston-college,5,73,valparaiso,12,66,1,west,1997
48,saint-josephs,4,75,pacific,13,65,1,west,1997
49,stanford,6,80,oklahoma,11,67,1,west,1997
50,wake-forest,3,68,saint-marys-ca,14,46,1,west,1997
51,charlotte,7,79,georgetown,10,67,1,west,1997
52,utah,2,75,navy,15,61,1,west,1997
53,kentucky,1,75,iowa,8,69,2,west,1997
54,boston-college,5,77,saint-josephs,4,81,2,west,1997
55,stanford,6,72,wake-forest,3,66,2,west,1997
56,charlotte,7,58,utah,2,77,2,west,1997
57,kentucky,1,83,saint-josephs,4,68,3,west,1997
58,stanford,6,77,utah,2,82,3,west,1997
59,kentucky,1,72,utah,2,59,4,west,1997
60,arizona,4,66,north-carolina,1,58,1,national,1997
61,minnesota,1,69,kentucky,1,78,1,national,1997
62,arizona,4,84,kentucky,1,79,2,national,1997
0,north-carolina,1,88,navy,16,52,1,east,1998
1,charlotte,8,77,illinois-chicago,9,62,1,east,1998
2,princeton,5,69,nevada-las-vegas,12,57,1,east,1998
3,michigan-state,4,83,eastern-michigan,13,71,1,east,1998
4,xavier,6,68,washington,11,69,1,east,1998
5,south-carolina,3,61,richmond,14,62,1,east,1998
6,indiana,7,94,oklahoma,10,87,1,east,1998
7,connecticut,2,93,fairleigh-dickinson,15,85,1,east,1998
8,north-carolina,1,93,charlotte,8,83,2,east,1998
9,princeton,5,56,michigan-state,4,63,2,east,1998
10,washington,11,81,richmond,14,66,2,east,1998
11,indiana,7,68,connecticut,2,78,2,east,1998
12,north-carolina,1,73,michigan-state,4,58,3,east,1998
13,washington,11,74,connecticut,2,75,3,east,1998
14,north-carolina,1,75,connecticut,2,64,4,east,1998
15,kansas,1,110,prairie-view,16,52,1,midwest,1998
16,rhode-island,8,97,murray-state,9,74,1,midwest,1998
17,texas-christian,5,87,florida-state,12,96,1,midwest,1998
18,mississippi,4,69,valparaiso,13,70,1,midwest,1998
19,clemson,6,72,western-michigan,11,75,1,midwest,1998
20,stanford,3,67,college-of-charleston,14,57,1,midwest,1998
21,st-johns-ny,7,64,detroit-mercy,10,66,1,midwest,1998
22,purdue,2,95,delaware,15,56,1,midwest,1998
23,kansas,1,75,rhode-island,8,80,2,midwest,1998
24,florida-state,12,77,valparaiso,13,83,2,midwest,1998
25,western-michigan,11,65,stanford,3,83,2,midwest,1998
26,detroit-mercy,10,65,purdue,2,80,2,midwest,1998
27,rhode-island,8,74,valparaiso,13,68,3,midwest,1998
28,stanford,3,67,purdue,2,59,3,midwest,1998
29,rhode-island,8,77,stanford,3,79,4,midwest,1998
30,duke,1,99,radford,16,63,1,south,1998
31,oklahoma-state,8,74,george-washington,9,59,1,south,1998
32,syracuse,5,63,iona,12,61,1,south,1998
33,new-mexico,4,79,butler,13,62,1,south,1998
34,ucla,6,65,miami-fl,11,62,1,south,1998
35,michigan,3,80,davidson,14,61,1,south,1998
36,massachusetts,7,46,saint-louis,10,51,1,south,1998
37,kentucky,2,82,south-carolina-state,15,67,1,south,1998
38,duke,1,79,oklahoma-state,8,73,2,south,1998
39,syracuse,5,56,new-mexico,4,46,2,south,1998
40,ucla,6,85,michigan,3,82,2,south,1998
41,saint-louis,10,61,kentucky,2,88,2,south,1998
42,duke,1,80,syracuse,5,67,3,south,1998
43,ucla,6,68,kentucky,2,94,3,south,1998
44,duke,1,84,kentucky,2,86,4,south,1998
45,arizona,1,99,nicholls-state,16,60,1,west,1998
46,tennessee,8,81,illinois-state,9,82,1,west,1998
47,illinois,5,64,south-alabama,12,51,1,west,1998
48,maryland,4,82,utah-state,13,68,1,west,1998
49,arkansas,6,74,nebraska,11,65,1,west,1998
50,utah,3,85,san-francisco,14,68,1,west,1998
51,temple,7,52,west-virginia,10,82,1,west,1998
52,cincinnati,2,65,northern-arizona,15,62,1,west,1998
53,arizona,1,82,illinois-state,9,49,2,west,1998
54,illinois,5,61,maryland,4,67,2,west,1998
55,arkansas,6,69,utah,3,75,2,west,1998
56,west-virginia,10,75,cincinnati,2,74,2,west,1998
57,arizona,1,87,maryland,4,79,3,west,1998
58,utah,3,65,west-virginia,10,62,3,west,1998
59,arizona,1,51,utah,3,76,4,west,1998
60,kentucky,2,86,stanford,3,85,1,national,1998
61,north-carolina,1,59,utah,3,65,1,national,1998
62,kentucky,2,78,utah,3,69,2,national,1998
0,duke,1,99,florida-am,16,58,1,east,1999
1,college-of-charleston,8,53,tulsa,9,62,1,east,1999
2,wisconsin,5,32,missouri-state,12,43,1,east,1999
3,tennessee,4,62,delaware,13,52,1,east,1999
4,temple,6,61,kent-state,11,54,1,east,1999
5,cincinnati,3,72,george-mason,14,48,1,east,1999
6,texas,7,54,purdue,10,58,1,east,1999
7,miami-fl,2,75,lafayette,15,54,1,east,1999
8,duke,1,97,tulsa,9,56,2,east,1999
9,missouri-state,12,81,tennessee,4,51,2,east,1999
10,temple,6,64,cincinnati,3,54,2,east,1999
11,purdue,10,73,miami-fl,2,63,2,east,1999
12,duke,1,78,missouri-state,12,61,3,east,1999
13,temple,6,77,purdue,10,55,3,east,1999
14,duke,1,85,temple,6,64,4,east,1999
15,michigan-state,1,76,mount-st-marys,16,53,1,midwest,1999
16,villanova,8,70,mississippi,9,72,1,midwest,1999
17,charlotte,5,81,rhode-island,12,70,1,midwest,1999
18,arizona,4,60,oklahoma,13,61,1,midwest,1999
19,kansas,6,95,evansville,11,74,1,midwest,1999
20,kentucky,3,82,new-mexico-state,14,60,1,midwest,1999
21,washington,7,58,miami-oh,10,59,1,midwest,1999
22,utah,2,80,arkansas-state,15,58,1,midwest,1999
23,michigan-state,1,74,mississippi,9,66,2,midwest,1999
24,charlotte,5,72,oklahoma,13,85,2,midwest,1999
25,kansas,6,88,kentucky,3,92,2,midwest,1999
26,miami-oh,10,66,utah,2,58,2,midwest,1999
27,michigan-state,1,54,oklahoma,13,46,3,midwest,1999
28,kentucky,3,58,miami-oh,10,43,3,midwest,1999
29,michigan-state,1,73,kentucky,3,66,4,midwest,1999
30,auburn,1,80,winthrop,16,41,1,south,1999
31,syracuse,8,61,oklahoma-state,9,69,1,south,1999
32,ucla,5,53,detroit-mercy,12,56,1,south,1999
33,ohio-state,4,72,murray-state,13,58,1,south,1999
34,indiana,6,108,george-washington,11,88,1,south,1999
35,st-johns-ny,3,69,samford,14,43,1,south,1999
36,louisville,7,58,creighton,10,62,1,south,1999
37,maryland,2,82,valparaiso,15,60,1,south,1999
38,auburn,1,81,oklahoma-state,9,74,2,south,1999
39,detroit-mercy,12,44,ohio-state,4,75,2,south,1999
40,indiana,6,61,st-johns-ny,3,86,2,south,1999
41,creighton,10,63,maryland,2,75,2,south,1999
42,auburn,1,64,ohio-state,4,72,3,south,1999
43,st-johns-ny,3,76,maryland,2,62,3,south,1999
44,ohio-state,4,77,st-johns-ny,3,74,4,south,1999
45,connecticut,1,91,texas-san-antonio,16,66,1,west,1999
46,missouri,8,59,new-mexico,9,61,1,west,1999
47,iowa,5,77,alabama-birmingham,12,64,1,west,1999
48,arkansas,4,94,siena,13,80,1,west,1999
49,florida,6,75,pennsylvania,11,61,1,west,1999
50,north-carolina,3,74,weber-state,14,76,1,west,1999
51,minnesota,7,63,gonzaga,10,75,1,west,1999
52,stanford,2,69,alcorn-state,15,57,1,west,1999
53,connecticut,1,78,new-mexico,9,56,2,west,1999
54,iowa,5,82,arkansas,4,72,2,west,1999
55,florida,6,82,weber-state,14,74,2,west,1999
56,gonzaga,10,82,stanford,2,74,2,west,1999
57,connecticut,1,78,iowa,5,68,3,west,1999
58,florida,6,72,gonzaga,10,73,3,west,1999
59,connecticut,1,67,gonzaga,10,62,4,west,1999
60,connecticut,1,64,ohio-state,4,58,1,national,1999
61,michigan-state,1,62,duke,1,68,1,national,1999
62,connecticut,1,77,duke,1,74,2,national,1999
0,duke,1,82,lamar,16,55,1,east,2000
1,kansas,8,81,depaul,9,77,1,east,2000
2,florida,5,69,butler,12,68,1,east,2000
3,illinois,4,68,pennsylvania,13,58,1,east,2000
4,indiana,6,57,pepperdine,11,77,1,east,2000
5,oklahoma-state,3,86,hofstra,14,66,1,east,2000
6,oregon,7,71,seton-hall,10,72,1,east,2000
7,temple,2,73,lafayette,15,47,1,east,2000
8,duke,1,69,kansas,8,64,2,east,2000
9,florida,5,93,illinois,4,76,2,east,2000
10,pepperdine,11,67,oklahoma-state,3,75,2,east,2000
11,seton-hall,10,67,temple,2,65,2,east,2000
12,duke,1,78,florida,5,87,3,east,2000
13,oklahoma-state,3,68,seton-hall,10,66,3,east,2000
14,florida,5,77,oklahoma-state,3,65,4,east,2000
15,michigan-state,1,65,valparaiso,16,38,1,midwest,2000
16,utah,8,48,saint-louis,9,45,1,midwest,2000
17,kentucky,5,85,st-bonaventure,12,80,1,midwest,2000
18,syracuse,4,79,samford,13,65,1,midwest,2000
19,ucla,6,65,ball-state,11,57,1,midwest,2000
20,maryland,3,74,iona,14,59,1,midwest,2000
21,auburn,7,72,creighton,10,69,1,midwest,2000
22,iowa-state,2,88,central-connecticut-state,15,78,1,midwest,2000
23,michigan-state,1,73,utah,8,61,2,midwest,2000
24,kentucky,5,50,syracuse,4,52,2,midwest,2000
25,ucla,6,105,maryland,3,70,2,midwest,2000
26,auburn,7,60,iowa-state,2,79,2,midwest,2000
27,michigan-state,1,75,syracuse,4,58,3,midwest,2000
28,ucla,6,56,iowa-state,2,80,3,midwest,2000
29,michigan-state,1,75,iowa-state,2,64,4,midwest,2000
30,stanford,1,84,south-carolina-state,16,65,1,south,2000
31,north-carolina,8,84,missouri,9,70,1,south,2000
32,connecticut,5,75,utah-state,12,67,1,south,2000
33,tennessee,4,63,louisiana-lafayette,13,58,1,south,2000
34,miami-fl,6,75,arkansas,11,71,1,south,2000
35,ohio-state,3,87,appalachian-state,14,61,1,south,2000
36,tulsa,7,89,nevada-las-vegas,10,62,1,south,2000
37,cincinnati,2,64,north-carolina-wilmington,15,47,1,south,2000
38,stanford,1,53,north-carolina,8,60,2,south,2000
39,connecticut,5,51,tennessee,4,65,2,south,2000
40,miami-fl,6,75,ohio-state,3,62,2,south,2000
41,tulsa,7,69,cincinnati,2,61,2,south,2000
42,north-carolina,8,74,tennessee,4,69,3,south,2000
43,miami-fl,6,71,tulsa,7,80,3,south,2000
44,north-carolina,8,59,tulsa,7,55,4,south,2000
45,arizona,1,71,jackson-state,16,47,1,west,2000
46,wisconsin,8,66,fresno-state,9,56,1,west,2000
47,texas,5,77,indiana-state,12,61,1,west,2000
48,louisiana-state,4,64,southeast-missouri-state,13,61,1,west,2000
49,purdue,6,62,dayton,11,61,1,west,2000
50,oklahoma,3,74,winthrop,14,50,1,west,2000
51,louisville,7,66,gonzaga,10,77,1,west,2000
52,st-johns-ny,2,61,northern-arizona,15,56,1,west,2000
53,arizona,1,59,wisconsin,8,66,2,west,2000
54,texas,5,67,louisiana-state,4,72,2,west,2000
55,purdue,6,66,oklahoma,3,62,2,west,2000
56,gonzaga,10,82,st-johns-ny,2,76,2,west,2000
57,wisconsin,8,61,louisiana-state,4,48,3,west,2000
58,purdue,6,75,gonzaga,10,66,3,west,2000
59,wisconsin,8,64,purdue,6,60,4,west,2000
60,michigan-state,1,53,wisconsin,8,41,1,national,2000
61,north-carolina,8,59,florida,5,71,1,national,2000
62,michigan-state,1,89,florida,5,76,2,national,2000
0,illinois,1,96,northwestern-state,16,54,1,midwest,2001
1,tennessee,8,63,charlotte,9,70,1,midwest,2001
2,syracuse,5,79,hawaii,12,69,1,midwest,2001
3,kansas,4,99,cal-state-northridge,13,75,1,midwest,2001
4,notre-dame,6,83,xavier,11,71,1,midwest,2001
5,mississippi,3,72,iona,14,70,1,midwest,2001
6,wake-forest,7,63,butler,10,79,1,midwest,2001
7,arizona,2,101,eastern-illinois,15,76,1,midwest,2001
8,illinois,1,79,charlotte,9,61,2,midwest,2001
9,syracuse,5,58,kansas,4,87,2,midwest,2001
10,notre-dame,6,56,mississippi,3,59,2,midwest,2001
11,butler,10,52,arizona,2,73,2,midwest,2001
12,illinois,1,80,kansas,4,64,3,midwest,2001
13,mississippi,3,56,arizona,2,66,3,midwest,2001
14,illinois,1,81,arizona,2,87,4,midwest,2001
15,duke,1,95,monmouth,16,52,1,east,2001
16,georgia,8,68,missouri,9,70,1,east,2001
17,ohio-state,5,68,utah-state,12,77,1,east,2001
18,ucla,4,61,hofstra,13,48,1,east,2001
19,southern-california,6,69,oklahoma-state,11,54,1,east,2001
20,boston-college,3,68,southern-utah,14,65,1,east,2001
21,iowa,7,69,creighton,10,56,1,east,2001
22,kentucky,2,72,holy-cross,15,68,1,east,2001
23,duke,1,94,missouri,9,81,2,east,2001
24,utah-state,12,50,ucla,4,75,2,east,2001
25,southern-california,6,74,boston-college,3,71,2,east,2001
26,iowa,7,79,kentucky,2,92,2,east,2001
27,duke,1,76,ucla,4,63,3,east,2001
28,southern-california,6,80,kentucky,2,76,3,east,2001
29,duke,1,79,southern-california,6,69,4,east,2001
30,michigan-state,1,69,alabama-state,16,35,1,south,2001
31,california,8,70,fresno-state,9,82,1,south,2001
32,virginia,5,85,gonzaga,12,86,1,south,2001
33,oklahoma,4,68,indiana-state,13,70,1,south,2001
34,texas,6,65,temple,11,79,1,south,2001
35,florida,3,69,western-kentucky,14,56,1,south,2001
36,penn-state,7,69,providence,10,59,1,south,2001
37,north-carolina,2,70,princeton,15,48,1,south,2001
38,michigan-state,1,81,fresno-state,9,65,2,south,2001
39,gonzaga,12,85,indiana-state,13,68,2,south,2001
40,temple,11,75,florida,3,54,2,south,2001
41,penn-state,7,82,north-carolina,2,74,2,south,2001
42,michigan-state,1,77,gonzaga,12,62,3,south,2001
43,temple,11,84,penn-state,7,72,3,south,2001
44,michigan-state,1,69,temple,11,62,4,south,2001
45,stanford,1,89,north-carolina-greensboro,16,60,1,west,2001
46,georgia-tech,8,62,saint-josephs,9,66,1,west,2001
47,cincinnati,5,84,brigham-young,12,59,1,west,2001
48,indiana,4,73,kent-state,13,77,1,west,2001
49,wisconsin,6,49,georgia-state,11,50,1,west,2001
50,maryland,3,83,george-mason,14,80,1,west,2001
51,arkansas,7,61,georgetown,10,63,1,west,2001
52,iowa-state,2,57,hampton,15,58,1,west,2001
53,stanford,1,90,saint-josephs,9,83,2,west,2001
54,cincinnati,5,66,kent-state,13,43,2,west,2001
55,georgia-state,11,60,maryland,3,79,2,west,2001
56,georgetown,10,76,hampton,15,57,2,west,2001
57,stanford,1,78,cincinnati,5,65,3,west,2001
58,maryland,3,76,georgetown,10,66,3,west,2001
59,stanford,1,73,maryland,3,87,4,west,2001
60,duke,1,95,maryland,3,84,1,national,2001
61,michigan-state,1,61,arizona,2,80,1,national,2001
62,duke,1,82,arizona,2,72,2,national,2001
0,maryland,1,85,siena,16,70,1,east,2002
1,wisconsin,8,80,st-johns-ny,9,70,1,east,2002
2,marquette,5,69,tulsa,12,71,1,east,2002
3,kentucky,4,83,valparaiso,13,68,1,east,2002
4,texas-tech,6,68,southern-illinois,11,76,1,east,2002
5,georgia,3,85,murray-state,14,68,1,east,2002
6,north-carolina-state,7,69,michigan-state,10,58,1,east,2002
7,connecticut,2,78,hampton,15,67,1,east,2002
8,maryland,1,87,wisconsin,8,57,2,east,2002
9,tulsa,12,82,kentucky,4,87,2,east,2002
10,southern-illinois,11,77,georgia,3,75,2,east,2002
11,north-carolina-state,7,74,connecticut,2,77,2,east,2002
12,maryland,1,78,kentucky,4,68,3,east,2002
13,southern-illinois,11,59,connecticut,2,71,3,east,2002
14,maryland,1,90,connecticut,2,82,4,east,2002
15,kansas,1,70,holy-cross,16,59,1,midwest,2002
16,stanford,8,84,western-kentucky,9,68,1,midwest,2002
17,florida,5,82,creighton,12,83,1,midwest,2002
18,illinois,4,93,san-diego-state,13,64,1,midwest,2002
19,texas,6,70,boston-college,11,57,1,midwest,2002
20,mississippi-state,3,70,mcneese-state,14,58,1,midwest,2002
21,wake-forest,7,83,pepperdine,10,74,1,midwest,2002
22,oregon,2,81,montana,15,62,1,midwest,2002
23,kansas,1,86,stanford,8,63,2,midwest,2002
24,creighton,12,60,illinois,4,72,2,midwest,2002
25,texas,6,68,mississippi-state,3,64,2,midwest,2002
26,wake-forest,7,87,oregon,2,92,2,midwest,2002
27,kansas,1,73,illinois,4,69,3,midwest,2002
28,texas,6,70,oregon,2,72,3,midwest,2002
29,kansas,1,104,oregon,2,86,4,midwest,2002
30,duke,1,84,winthrop,16,37,1,south,2002
31,notre-dame,8,82,charlotte,9,63,1,south,2002
32,indiana,5,75,utah,12,56,1,south,2002
33,southern-california,4,89,north-carolina-wilmington,13,93,1,south,2002
34,california,6,82,pennsylvania,11,75,1,south,2002
35,pittsburgh,3,71,central-connecticut-state,14,54,1,south,2002
36,oklahoma-state,7,61,kent-state,10,69,1,south,2002
37,alabama,2,86,florida-atlantic,15,78,1,south,2002
38,duke,1,84,notre-dame,8,77,2,south,2002
39,indiana,5,76,north-carolina-wilmington,13,67,2,south,2002
40,california,6,50,pittsburgh,3,63,2,south,2002
41,kent-state,10,71,alabama,2,58,2,south,2002
42,duke,1,73,indiana,5,74,3,south,2002
43,pittsburgh,3,73,kent-state,10,78,3,south,2002
44,indiana,5,81,kent-state,10,69,4,south,2002
45,cincinnati,1,90,boston-university,16,52,1,west,2002
46,ucla,8,80,mississippi,9,58,1,west,2002
47,miami-fl,5,80,missouri,12,93,1,west,2002
48,ohio-state,4,69,davidson,13,64,1,west,2002
49,gonzaga,6,66,wyoming,11,73,1,west,2002
50,arizona,3,86,california-santa-barbara,14,81,1,west,2002
51,xavier,7,70,hawaii,10,58,1,west,2002
52,oklahoma,2,71,illinois-chicago,15,63,1,west,2002
53,cincinnati,1,101,ucla,8,105,2,west,2002
54,missouri,12,83,ohio-state,4,67,2,west,2002
55,wyoming,11,60,arizona,3,68,2,west,2002
56,xavier,7,65,oklahoma,2,78,2,west,2002
57,ucla,8,73,missouri,12,82,3,west,2002
58,arizona,3,67,oklahoma,2,88,3,west,2002
59,missouri,12,75,oklahoma,2,81,4,west,2002
60,maryland,1,97,kansas,1,88,1,national,2002
61,oklahoma,2,64,indiana,5,73,1,national,2002
62,maryland,1,64,indiana,5,52,2,national,2002
0,texas,1,82,north-carolina-asheville,16,61,1,south,2003
1,louisiana-state,8,56,purdue,9,80,1,south,2003
2,connecticut,5,58,brigham-young,12,53,1,south,2003
3,stanford,4,77,san-diego,13,69,1,south,2003
4,maryland,6,75,north-carolina-wilmington,11,73,1,south,2003
5,xavier,3,71,troy,14,59,1,south,2003
6,michigan-state,7,79,colorado,10,64,1,south,2003
7,florida,2,85,sam-houston-state,15,55,1,south,2003
8,texas,1,77,purdue,9,67,2,south,2003
9,connecticut,5,85,stanford,4,74,2,south,2003
10,maryland,6,77,xavier,3,64,2,south,2003
11,michigan-state,7,68,florida,2,46,2,south,2003
12,texas,1,82,connecticut,5,78,3,south,2003
13,maryland,6,58,michigan-state,7,60,3,south,2003
14,texas,1,85,michigan-state,7,76,4,south,2003
15,oklahoma,1,71,south-carolina-state,16,54,1,east,2003
16,california,8,76,north-carolina-state,9,74,1,east,2003
17,mississippi-state,5,46,butler,12,47,1,east,2003
18,louisville,4,86,austin-peay,13,64,1,east,2003
19,oklahoma-state,6,77,pennsylvania,11,63,1,east,2003
20,syracuse,3,76,manhattan,14,65,1,east,2003
21,saint-josephs,7,63,auburn,10,65,1,east,2003
22,wake-forest,2,76,east-tennessee-state,15,73,1,east,2003
23,oklahoma,1,74,california,8,65,2,east,2003
24,butler,12,79,louisville,4,71,2,east,2003
25,oklahoma-state,6,56,syracuse,3,68,2,east,2003
26,auburn,10,68,wake-forest,2,62,2,east,2003
27,oklahoma,1,65,butler,12,54,3,east,2003
28,syracuse,3,79,auburn,10,78,3,east,2003
29,oklahoma,1,47,syracuse,3,63,4,east,2003
30,kentucky,1,95,iupui,16,64,1,midwest,2003
31,oregon,8,58,utah,9,60,1,midwest,2003
32,wisconsin,5,81,weber-state,12,74,1,midwest,2003
33,dayton,4,71,tulsa,13,84,1,midwest,2003
34,missouri,6,72,southern-illinois,11,71,1,midwest,2003
35,marquette,3,72,holy-cross,14,68,1,midwest,2003
36,indiana,7,67,alabama,10,62,1,midwest,2003
37,pittsburgh,2,87,wagner,15,61,1,midwest,2003
38,kentucky,1,74,utah,9,54,2,midwest,2003
39,wisconsin,5,61,tulsa,13,60,2,midwest,2003
40,missouri,6,92,marquette,3,101,2,midwest,2003
41,indiana,7,52,pittsburgh,2,74,2,midwest,2003
42,kentucky,1,63,wisconsin,5,57,3,midwest,2003
43,marquette,3,77,pittsburgh,2,74,3,midwest,2003
44,kentucky,1,69,marquette,3,83,4,midwest,2003
45,arizona,1,80,vermont,16,51,1,west,2003
46,cincinnati,8,69,gonzaga,9,74,1,west,2003
47,notre-dame,5,70,milwaukee,12,69,1,west,2003
48,illinois,4,65,western-kentucky,13,60,1,west,2003
49,creighton,6,73,central-michigan,11,79,1,west,2003
50,duke,3,67,colorado-state,14,57,1,west,2003
51,memphis,7,71,arizona-state,10,84,1,west,2003
52,kansas,2,64,utah-state,15,61,1,west,2003
53,arizona,1,96,gonzaga,9,95,2,west,2003
54,notre-dame,5,68,illinois,4,60,2,west,2003
55,central-michigan,11,60,duke,3,86,2,west,2003
56,arizona-state,10,76,kansas,2,108,2,west,2003
57,arizona,1,88,notre-dame,5,71,3,west,2003
58,duke,3,65,kansas,2,69,3,west,2003
59,arizona,1,75,kansas,2,78,4,west,2003
60,syracuse,3,95,texas,1,84,1,national,2003
61,marquette,3,61,kansas,2,94,1,national,2003
62,syracuse,3,81,kansas,2,78,2,national,2003
0,kentucky,1,96,florida-am,16,76,1,stlouis,2004
1,washington,8,100,alabama-birmingham,9,102,1,stlouis,2004
2,providence,5,58,pacific,12,66,1,stlouis,2004
3,kansas,4,78,illinois-chicago,13,53,1,stlouis,2004
4,boston-college,6,58,utah,11,51,1,stlouis,2004
5,georgia-tech,3,65,northern-iowa,14,60,1,stlouis,2004
6,michigan-state,7,66,nevada,10,72,1,stlouis,2004
7,gonzaga,2,76,valparaiso,15,49,1,stlouis,2004
8,kentucky,1,75,alabama-birmingham,9,76,2,stlouis,2004
9,pacific,12,63,kansas,4,78,2,stlouis,2004
10,boston-college,6,54,georgia-tech,3,57,2,stlouis,2004
11,nevada,10,91,gonzaga,2,72,2,stlouis,2004
12,alabama-birmingham,9,74,kansas,4,100,3,stlouis,2004
13,georgia-tech,3,72,nevada,10,67,3,stlouis,2004
14,kansas,4,71,georgia-tech,3,79,4,stlouis,2004
15,duke,1,96,alabama-state,16,61,1,atlanta,2004
16,seton-hall,8,80,arizona,9,76,1,atlanta,2004
17,illinois,5,72,murray-state,12,53,1,atlanta,2004
18,cincinnati,4,80,east-tennessee-state,13,77,1,atlanta,2004
19,north-carolina,6,63,air-force,11,52,1,atlanta,2004
20,texas,3,66,princeton,14,49,1,atlanta,2004
21,xavier,7,80,louisville,10,70,1,atlanta,2004
22,mississippi-state,2,85,monmouth,15,52,1,atlanta,2004
23,duke,1,90,seton-hall,8,62,2,atlanta,2004
24,illinois,5,92,cincinnati,4,68,2,atlanta,2004
25,north-carolina,6,75,texas,3,78,2,atlanta,2004
26,xavier,7,89,mississippi-state,2,74,2,atlanta,2004
27,duke,1,72,illinois,5,62,3,atlanta,2004
28,texas,3,71,xavier,7,79,3,atlanta,2004
29,duke,1,66,xavier,7,63,4,atlanta,2004
30,saint-josephs,1,82,liberty,16,63,1,eastrutherford,2004
31,texas-tech,8,76,charlotte,9,73,1,eastrutherford,2004
32,florida,5,60,manhattan,12,75,1,eastrutherford,2004
33,wake-forest,4,79,virginia-commonwealth,13,78,1,eastrutherford,2004
34,wisconsin,6,76,richmond,11,64,1,eastrutherford,2004
35,pittsburgh,3,53,central-florida,14,44,1,eastrutherford,2004
36,memphis,7,59,south-carolina,10,43,1,eastrutherford,2004
37,oklahoma-state,2,75,eastern-washington,15,56,1,eastrutherford,2004
38,saint-josephs,1,70,texas-tech,8,65,2,eastrutherford,2004
39,manhattan,12,80,wake-forest,4,84,2,eastrutherford,2004
40,wisconsin,6,55,pittsburgh,3,59,2,eastrutherford,2004
41,memphis,7,53,oklahoma-state,2,70,2,eastrutherford,2004
42,saint-josephs,1,84,wake-forest,4,80,3,eastrutherford,2004
43,pittsburgh,3,51,oklahoma-state,2,63,3,eastrutherford,2004
44,saint-josephs,1,62,oklahoma-state,2,64,4,eastrutherford,2004
45,stanford,1,71,texas-san-antonio,16,45,1,phoenix,2004
46,alabama,8,65,southern-illinois,9,64,1,phoenix,2004
47,syracuse,5,80,brigham-young,12,75,1,phoenix,2004
48,maryland,4,86,texas-el-paso,13,83,1,phoenix,2004
49,vanderbilt,6,71,western-michigan,11,58,1,phoenix,2004
50,north-carolina-state,3,61,louisiana-lafayette,14,52,1,phoenix,2004
51,depaul,7,76,dayton,10,69,1,phoenix,2004
52,connecticut,2,70,vermont,15,53,1,phoenix,2004
53,stanford,1,67,alabama,8,70,2,phoenix,2004
54,syracuse,5,72,maryland,4,70,2,phoenix,2004
55,vanderbilt,6,75,north-carolina-state,3,73,2,phoenix,2004
56,depaul,7,55,connecticut,2,72,2,phoenix,2004
57,alabama,8,80,syracuse,5,71,3,phoenix,2004
58,vanderbilt,6,53,connecticut,2,73,3,phoenix,2004
59,alabama,8,71,connecticut,2,87,4,phoenix,2004
60,connecticut,2,79,duke,1,78,1,national,2004
61,oklahoma-state,2,65,georgia-tech,3,67,1,national,2004
62,connecticut,2,82,georgia-tech,3,73,2,national,2004
0,north-carolina,1,96,oakland,16,68,1,syracuse,2005
1,minnesota,8,53,iowa-state,9,64,1,syracuse,2005
2,villanova,5,55,new-mexico,12,47,1,syracuse,2005
3,florida,4,67,ohio,13,62,1,syracuse,2005
4,wisconsin,6,57,northern-iowa,11,52,1,syracuse,2005
5,kansas,3,63,bucknell,14,64,1,syracuse,2005
6,charlotte,7,63,north-carolina-state,10,75,1,syracuse,2005
7,connecticut,2,77,central-florida,15,71,1,syracuse,2005
8,north-carolina,1,92,iowa-state,9,65,2,syracuse,2005
9,villanova,5,76,florida,4,65,2,syracuse,2005
10,wisconsin,6,71,bucknell,14,62,2,syracuse,2005
11,north-carolina-state,10,65,connecticut,2,62,2,syracuse,2005
12,north-carolina,1,67,villanova,5,66,3,syracuse,2005
13,wisconsin,6,65,north-carolina-state,10,56,3,syracuse,2005
14,north-carolina,1,88,wisconsin,6,82,4,syracuse,2005
15,washington,1,88,montana,16,77,1,albuquerque,2005
16,pacific,8,79,pittsburgh,9,71,1,albuquerque,2005
17,georgia-tech,5,80,george-washington,12,68,1,albuquerque,2005
18,louisville,4,68,louisiana-lafayette,13,62,1,albuquerque,2005
19,texas-tech,6,78,ucla,11,66,1,albuquerque,2005
20,gonzaga,3,74,winthrop,14,64,1,albuquerque,2005
21,west-virginia,7,63,creighton,10,61,1,albuquerque,2005
22,wake-forest,2,70,chattanooga,15,54,1,albuquerque,2005
23,washington,1,97,pacific,8,79,2,albuquerque,2005
24,georgia-tech,5,54,louisville,4,76,2,albuquerque,2005
25,texas-tech,6,71,gonzaga,3,69,2,albuquerque,2005
26,west-virginia,7,111,wake-forest,2,105,2,albuquerque,2005
27,washington,1,79,louisville,4,93,3,albuquerque,2005
28,texas-tech,6,60,west-virginia,7,65,3,albuquerque,2005
29,louisville,4,93,west-virginia,7,85,4,albuquerque,2005
30,duke,1,57,delaware-state,16,46,1,austin,2005
31,stanford,8,70,mississippi-state,9,93,1,austin,2005
32,michigan-state,5,89,old-dominion,12,81,1,austin,2005
33,syracuse,4,57,vermont,13,60,1,austin,2005
34,utah,6,60,texas-el-paso,11,54,1,austin,2005
35,oklahoma,3,84,niagara,14,67,1,austin,2005
36,cincinnati,7,76,iowa,10,64,1,austin,2005
37,kentucky,2,72,eastern-kentucky,15,64,1,austin,2005
38,duke,1,63,mississippi-state,9,55,2,austin,2005
39,michigan-state,5,72,vermont,13,61,2,austin,2005
40,utah,6,67,oklahoma,3,58,2,austin,2005
41,cincinnati,7,60,kentucky,2,69,2,austin,2005
42,duke,1,68,michigan-state,5,78,3,austin,2005
43,utah,6,52,kentucky,2,62,3,austin,2005
44,michigan-state,5,94,kentucky,2,88,4,austin,2005
45,illinois,1,67,fairleigh-dickinson,16,55,1,chicago,2005
46,texas,8,57,nevada,9,61,1,chicago,2005
47,alabama,5,73,milwaukee,12,83,1,chicago,2005
48,boston-college,4,85,pennsylvania,13,65,1,chicago,2005
49,louisiana-state,6,68,alabama-birmingham,11,82,1,chicago,2005
50,arizona,3,66,utah-state,14,53,1,chicago,2005
51,southern-illinois,7,65,saint-marys-ca,10,56,1,chicago,2005
52,oklahoma-state,2,63,southeastern-louisiana,15,50,1,chicago,2005
53,illinois,1,71,nevada,9,59,2,chicago,2005
54,milwaukee,12,83,boston-college,4,75,2,chicago,2005
55,alabama-birmingham,11,63,arizona,3,85,2,chicago,2005
56,southern-illinois,7,77,oklahoma-state,2,85,2,chicago,2005
57,illinois,1,77,milwaukee,12,63,3,chicago,2005
58,arizona,3,79,oklahoma-state,2,78,3,chicago,2005
59,illinois,1,90,arizona,3,89,4,chicago,2005
60,north-carolina,1,87,michigan-state,5,71,1,national,2005
61,louisville,4,57,illinois,1,72,1,national,2005
62,north-carolina,1,75,illinois,1,70,2,national,2005
0,villanova,1,58,monmouth,16,45,1,minneapolis,2006
1,arizona,8,94,wisconsin,9,75,1,minneapolis,2006
2,nevada,5,79,montana,12,87,1,minneapolis,2006
3,boston-college,4,88,pacific,13,76,1,minneapolis,2006
4,oklahoma,6,74,milwaukee,11,82,1,minneapolis,2006
5,florida,3,76,south-alabama,14,50,1,minneapolis,2006
6,georgetown,7,54,northern-iowa,10,49,1,minneapolis,2006
7,ohio-state,2,70,davidson,15,62,1,minneapolis,2006
8,villanova,1,82,arizona,8,78,2,minneapolis,2006
9,montana,12,56,boston-college,4,69,2,minneapolis,2006
10,milwaukee,11,60,florida,3,82,2,minneapolis,2006
11,georgetown,7,70,ohio-state,2,52,2,minneapolis,2006
12,villanova,1,60,boston-college,4,59,3,minneapolis,2006
13,florida,3,57,georgetown,7,53,3,minneapolis,2006
14,villanova,1,62,florida,3,75,4,minneapolis,2006
15,duke,1,70,southern,16,54,1,atlanta,2006
16,george-washington,8,88,north-carolina-wilmington,9,85,1,atlanta,2006
17,syracuse,5,58,texas-am,12,66,1,atlanta,2006
18,louisiana-state,4,80,iona,13,64,1,atlanta,2006
19,west-virginia,6,64,southern-illinois,11,46,1,atlanta,2006
20,iowa,3,63,northwestern-state,14,64,1,atlanta,2006
21,california,7,52,north-carolina-state,10,58,1,atlanta,2006
22,texas,2,60,pennsylvania,15,52,1,atlanta,2006
23,duke,1,74,george-washington,8,61,2,atlanta,2006
24,texas-am,12,57,louisiana-state,4,58,2,atlanta,2006
25,west-virginia,6,67,northwestern-state,14,54,2,atlanta,2006
26,north-carolina-state,10,54,texas,2,75,2,atlanta,2006
27,duke,1,54,louisiana-state,4,62,3,atlanta,2006
28,west-virginia,6,71,texas,2,74,3,atlanta,2006
29,louisiana-state,4,70,texas,2,60,4,atlanta,2006
30,memphis,1,94,oral-roberts,16,78,1,oakland,2006
31,arkansas,8,55,bucknell,9,59,1,oakland,2006
32,pittsburgh,5,79,kent-state,12,64,1,oakland,2006
33,kansas,4,73,bradley,13,77,1,oakland,2006
34,indiana,6,87,san-diego-state,11,83,1,oakland,2006
35,gonzaga,3,79,xavier,14,75,1,oakland,2006
36,marquette,7,85,alabama,10,90,1,oakland,2006
37,ucla,2,78,belmont,15,44,1,oakland,2006
38,memphis,1,72,bucknell,9,56,2,oakland,2006
39,pittsburgh,5,66,bradley,13,72,2,oakland,2006
40,indiana,6,80,gonzaga,3,90,2,oakland,2006
41,alabama,10,59,ucla,2,62,2,oakland,2006
42,memphis,1,80,bradley,13,64,3,oakland,2006
43,gonzaga,3,71,ucla,2,73,3,oakland,2006
44,memphis,1,45,ucla,2,50,4,oakland,2006
45,connecticut,1,72,albany-ny,16,59,1,washington,2006
46,kentucky,8,69,alabama-birmingham,9,64,1,washington,2006
47,washington,5,75,utah-state,12,61,1,washington,2006
48,illinois,4,78,air-force,13,69,1,washington,2006
49,michigan-state,6,65,george-mason,11,75,1,washington,2006
50,north-carolina,3,69,murray-state,14,65,1,washington,2006
51,wichita-state,7,86,seton-hall,10,66,1,washington,2006
52,tennessee,2,63,winthrop,15,61,1,washington,2006
53,connecticut,1,87,kentucky,8,83,2,washington,2006
54,washington,5,67,illinois,4,64,2,washington,2006
55,george-mason,11,65,north-carolina,3,60,2,washington,2006
56,wichita-state,7,80,tennessee,2,73,2,washington,2006
57,connecticut,1,98,washington,5,92,3,washington,2006
58,george-mason,11,63,wichita-state,7,55,3,washington,2006
59,connecticut,1,84,george-mason,11,86,4,washington,2006
60,florida,3,73,george-mason,11,58,1,national,2006
61,louisiana-state,4,45,ucla,2,59,1,national,2006
62,florida,3,73,ucla,2,57,2,national,2006
0,kansas,1,107,niagara,16,67,1,west,2007
1,kentucky,8,67,villanova,9,58,1,west,2007
2,virginia-tech,5,54,illinois,12,52,1,west,2007
3,southern-illinois,4,61,holy-cross,13,51,1,west,2007
4,duke,6,77,virginia-commonwealth,11,79,1,west,2007
5,pittsburgh,3,79,wright-state,14,58,1,west,2007
6,indiana,7,70,gonzaga,10,57,1,west,2007
7,ucla,2,70,weber-state,15,42,1,west,2007
8,kansas,1,88,kentucky,8,76,2,west,2007
9,virginia-tech,5,48,southern-illinois,4,63,2,west,2007
10,virginia-commonwealth,11,79,pittsburgh,3,84,2,west,2007
11,indiana,7,49,ucla,2,54,2,west,2007
12,kansas,1,61,southern-illinois,4,58,3,west,2007
13,pittsburgh,3,55,ucla,2,64,3,west,2007
14,kansas,1,55,ucla,2,68,4,west,2007
15,north-carolina,1,86,eastern-kentucky,16,65,1,east,2007
16,marquette,8,49,michigan-state,9,61,1,east,2007
17,southern-california,5,77,arkansas,12,60,1,east,2007
18,texas,4,79,new-mexico-state,13,67,1,east,2007
19,vanderbilt,6,77,george-washington,11,44,1,east,2007
20,washington-state,3,70,oral-roberts,14,54,1,east,2007
21,boston-college,7,84,texas-tech,10,75,1,east,2007
22,georgetown,2,80,belmont,15,55,1,east,2007
23,north-carolina,1,81,michigan-state,9,67,2,east,2007
24,southern-california,5,87,texas,4,68,2,east,2007
25,vanderbilt,6,78,washington-state,3,74,2,east,2007
26,boston-college,7,55,georgetown,2,62,2,east,2007
27,north-carolina,1,74,southern-california,5,64,3,east,2007
28,vanderbilt,6,65,georgetown,2,66,3,east,2007
29,north-carolina,1,84,georgetown,2,96,4,east,2007
30,florida,1,112,jackson-state,16,69,1,midwest,2007
31,arizona,8,63,purdue,9,72,1,midwest,2007
32,butler,5,57,old-dominion,12,46,1,midwest,2007
33,maryland,4,82,davidson,13,70,1,midwest,2007
34,notre-dame,6,64,winthrop,11,74,1,midwest,2007
35,oregon,3,58,miami-oh,14,56,1,midwest,2007
36,nevada-las-vegas,7,67,georgia-tech,10,63,1,midwest,2007
37,wisconsin,2,76,texas-am-corpus-christi,15,63,1,midwest,2007
38,florida,1,74,purdue,9,67,2,midwest,2007
39,butler,5,62,maryland,4,59,2,midwest,2007
40,winthrop,11,61,oregon,3,75,2,midwest,2007
41,nevada-las-vegas,7,74,wisconsin,2,68,2,midwest,2007
42,florida,1,65,butler,5,57,3,midwest,2007
43,oregon,3,76,nevada-las-vegas,7,72,3,midwest,2007
44,florida,1,85,oregon,3,77,4,midwest,2007
45,ohio-state,1,78,central-connecticut-state,16,57,1,south,2007
46,brigham-young,8,77,xavier,9,79,1,south,2007
47,tennessee,5,121,long-beach-state,12,86,1,south,2007
48,virginia,4,84,albany-ny,13,57,1,south,2007
49,louisville,6,78,stanford,11,58,1,south,2007
50,texas-am,3,68,pennsylvania,14,52,1,south,2007
51,nevada,7,77,creighton,10,71,1,south,2007
52,memphis,2,73,north-texas,15,58,1,south,2007
53,ohio-state,1,78,xavier,9,71,2,south,2007
54,tennessee,5,77,virginia,4,74,2,south,2007
55,louisville,6,69,texas-am,3,72,2,south,2007
56,nevada,7,62,memphis,2,78,2,south,2007
57,ohio-state,1,85,tennessee,5,84,3,south,2007
58,texas-am,3,64,memphis,2,65,3,south,2007
59,ohio-state,1,92,memphis,2,76,4,south,2007
60,florida,1,76,ucla,2,66,1,national,2007
61,georgetown,2,60,ohio-state,1,67,1,national,2007
62,florida,1,84,ohio-state,1,75,2,national,2007
0,north-carolina,1,113,mount-st-marys,16,74,1,east,2008
1,indiana,8,72,arkansas,9,86,1,east,2008
2,notre-dame,5,68,george-mason,12,50,1,east,2008
3,washington-state,4,71,winthrop,13,40,1,east,2008
4,oklahoma,6,72,saint-josephs,11,64,1,east,2008
5,louisville,3,79,boise-state,14,61,1,east,2008
6,butler,7,81,south-alabama,10,61,1,east,2008
7,tennessee,2,72,american,15,57,1,east,2008
8,north-carolina,1,108,arkansas,9,77,2,east,2008
9,notre-dame,5,41,washington-state,4,61,2,east,2008
10,oklahoma,6,48,louisville,3,78,2,east,2008
11,butler,7,71,tennessee,2,76,2,east,2008
12,north-carolina,1,68,washington-state,4,47,3,east,2008
13,louisville,3,79,tennessee,2,60,3,east,2008
14,north-carolina,1,83,louisville,3,73,4,east,2008
15,kansas,1,85,portland-state,16,61,1,midwest,2008
16,nevada-las-vegas,8,71,kent-state,9,58,1,midwest,2008
17,clemson,5,69,villanova,12,75,1,midwest,2008
18,vanderbilt,4,62,siena,13,83,1,midwest,2008
19,southern-california,6,67,kansas-state,11,80,1,midwest,2008
20,wisconsin,3,71,cal-state-fullerton,14,56,1,midwest,2008
21,gonzaga,7,76,davidson,10,82,1,midwest,2008
22,georgetown,2,66,maryland-baltimore-county,15,47,1,midwest,2008
23,kansas,1,75,nevada-las-vegas,8,56,2,midwest,2008
24,villanova,12,84,siena,13,72,2,midwest,2008
25,kansas-state,11,55,wisconsin,3,72,2,midwest,2008
26,davidson,10,74,georgetown,2,70,2,midwest,2008
27,kansas,1,72,villanova,12,57,3,midwest,2008
28,wisconsin,3,56,davidson,10,73,3,midwest,2008
29,kansas,1,59,davidson,10,57,4,midwest,2008
30,memphis,1,87,texas-arlington,16,63,1,south,2008
31,mississippi-state,8,76,oregon,9,69,1,south,2008
32,michigan-state,5,72,temple,12,61,1,south,2008
33,pittsburgh,4,82,oral-roberts,13,63,1,south,2008
34,marquette,6,74,kentucky,11,66,1,south,2008
35,stanford,3,77,cornell,14,53,1,south,2008
36,miami-fl,7,78,saint-marys-ca,10,64,1,south,2008
37,texas,2,74,austin-peay,15,54,1,south,2008
38,memphis,1,77,mississippi-state,8,74,2,south,2008
39,michigan-state,5,65,pittsburgh,4,54,2,south,2008
40,marquette,6,81,stanford,3,82,2,south,2008
41,miami-fl,7,72,texas,2,75,2,south,2008
42,memphis,1,92,michigan-state,5,74,3,south,2008
43,stanford,3,62,texas,2,82,3,south,2008
44,memphis,1,85,texas,2,67,4,south,2008
45,ucla,1,70,mississippi-valley-state,16,29,1,west,2008
46,brigham-young,8,62,texas-am,9,67,1,west,2008
47,drake,5,99,western-kentucky,12,101,1,west,2008
48,connecticut,4,69,san-diego,13,70,1,west,2008
49,purdue,6,90,baylor,11,79,1,west,2008
50,xavier,3,73,georgia,14,61,1,west,2008
51,west-virginia,7,75,arizona,10,65,1,west,2008
52,duke,2,71,belmont,15,70,1,west,2008
53,ucla,1,51,texas-am,9,49,2,west,2008
54,western-kentucky,12,72,san-diego,13,63,2,west,2008
55,purdue,6,78,xavier,3,85,2,west,2008
56,west-virginia,7,73,duke,2,67,2,west,2008
57,ucla,1,88,western-kentucky,12,78,3,west,2008
58,xavier,3,79,west-virginia,7,75,3,west,2008
59,ucla,1,76,xavier,3,57,4,west,2008
60,kansas,1,84,north-carolina,1,66,1,national,2008
61,ucla,1,63,memphis,1,78,1,national,2008
62,kansas,1,75,memphis,1,68,2,national,2008
0,louisville,1,74,morehead-state,16,54,1,midwest,2009
1,ohio-state,8,72,siena,9,74,1,midwest,2009
2,utah,5,71,arizona,12,84,1,midwest,2009
3,wake-forest,4,69,cleveland-state,13,84,1,midwest,2009
4,west-virginia,6,60,dayton,11,68,1,midwest,2009
5,kansas,3,84,north-dakota-state,14,74,1,midwest,2009
6,boston-college,7,55,southern-california,10,72,1,midwest,2009
7,michigan-state,2,77,robert-morris,15,62,1,midwest,2009
8,louisville,1,79,siena,9,72,2,midwest,2009
9,arizona,12,71,cleveland-state,13,57,2,midwest,2009
10,dayton,11,43,kansas,3,60,2,midwest,2009
11,southern-california,10,69,michigan-state,2,74,2,midwest,2009
12,louisville,1,103,arizona,12,64,3,midwest,2009
13,kansas,3,62,michigan-state,2,67,3,midwest,2009
14,louisville,1,52,michigan-state,2,64,4,midwest,2009
15,pittsburgh,1,72,east-tennessee-state,16,62,1,east,2009
16,oklahoma-state,8,77,tennessee,9,75,1,east,2009
17,florida-state,5,59,wisconsin,12,61,1,east,2009
18,xavier,4,77,portland-state,13,59,1,east,2009
19,ucla,6,65,virginia-commonwealth,11,64,1,east,2009
20,villanova,3,80,american,14,67,1,east,2009
21,texas,7,76,minnesota,10,62,1,east,2009
22,duke,2,86,binghamton,15,62,1,east,2009
23,pittsburgh,1,84,oklahoma-state,8,76,2,east,2009
24,wisconsin,12,49,xavier,4,60,2,east,2009
25,ucla,6,69,villanova,3,89,2,east,2009
26,texas,7,69,duke,2,74,2,east,2009
27,pittsburgh,1,60,xavier,4,55,3,east,2009
28,villanova,3,77,duke,2,54,3,east,2009
29,pittsburgh,1,76,villanova,3,78,4,east,2009
30,north-carolina,1,101,radford,16,58,1,south,2009
31,louisiana-state,8,75,butler,9,71,1,south,2009
32,illinois,5,72,western-kentucky,12,76,1,south,2009
33,gonzaga,4,77,akron,13,64,1,south,2009
34,arizona-state,6,66,temple,11,57,1,south,2009
35,syracuse,3,59,stephen-f-austin,14,44,1,south,2009
36,clemson,7,59,michigan,10,62,1,south,2009
37,oklahoma,2,82,morgan-state,15,54,1,south,2009
38,north-carolina,1,84,louisiana-state,8,70,2,south,2009
39,western-kentucky,12,81,gonzaga,4,83,2,south,2009
40,arizona-state,6,67,syracuse,3,78,2,south,2009
41,michigan,10,63,oklahoma,2,73,2,south,2009
42,north-carolina,1,98,gonzaga,4,77,3,south,2009
43,syracuse,3,71,oklahoma,2,84,3,south,2009
44,north-carolina,1,72,oklahoma,2,60,4,south,2009
45,connecticut,1,103,chattanooga,16,47,1,west,2009
46,brigham-young,8,66,texas-am,9,79,1,west,2009
47,purdue,5,61,northern-iowa,12,56,1,west,2009
48,washington,4,71,mississippi-state,13,58,1,west,2009
49,marquette,6,58,utah-state,11,57,1,west,2009
50,missouri,3,78,cornell,14,59,1,west,2009
51,california,7,71,maryland,10,84,1,west,2009
52,memphis,2,81,cal-state-northridge,15,70,1,west,2009
53,connecticut,1,92,texas-am,9,66,2,west,2009
54,purdue,5,76,washington,4,74,2,west,2009
55,marquette,6,79,missouri,3,83,2,west,2009
56,maryland,10,70,memphis,2,89,2,west,2009
57,connecticut,1,72,purdue,5,60,3,west,2009
58,missouri,3,102,memphis,2,91,3,west,2009
59,connecticut,1,82,missouri,3,75,4,west,2009
60,north-carolina,1,83,villanova,3,69,1,national,2009
61,connecticut,1,73,michigan-state,2,82,1,national,2009
62,north-carolina,1,89,michigan-state,2,72,2,national,2009
0,duke,1,73,arkansas-pine-bluff,16,44,1,south,2010
1,california,8,77,louisville,9,62,1,south,2010
2,texas-am,5,69,utah-state,12,53,1,south,2010
3,purdue,4,72,siena,13,64,1,south,2010
4,notre-dame,6,50,old-dominion,11,51,1,south,2010
5,baylor,3,68,sam-houston-state,14,59,1,south,2010
6,richmond,7,71,saint-marys-ca,10,80,1,south,2010
7,villanova,2,73,robert-morris,15,70,1,south,2010
8,duke,1,68,california,8,53,2,south,2010
9,texas-am,5,61,purdue,4,63,2,south,2010
10,old-dominion,11,68,baylor,3,76,2,south,2010
11,saint-marys-ca,10,75,villanova,2,68,2,south,2010
12,duke,1,70,purdue,4,57,3,south,2010
13,baylor,3,72,saint-marys-ca,10,49,3,south,2010
14,duke,1,78,baylor,3,71,4,south,2010
15,kentucky,1,100,east-tennessee-state,16,71,1,east,2010
16,texas,8,80,wake-forest,9,81,1,east,2010
17,temple,5,65,cornell,12,78,1,east,2010
18,wisconsin,4,53,wofford,13,49,1,east,2010
19,marquette,6,78,washington,11,80,1,east,2010
20,new-mexico,3,62,montana,14,57,1,east,2010
21,clemson,7,78,missouri,10,86,1,east,2010
22,west-virginia,2,77,morgan-state,15,50,1,east,2010
23,kentucky,1,90,wake-forest,9,60,2,east,2010
24,cornell,12,87,wisconsin,4,69,2,east,2010
25,washington,11,82,new-mexico,3,64,2,east,2010
26,missouri,10,59,west-virginia,2,68,2,east,2010
27,kentucky,1,62,cornell,12,45,3,east,2010
28,washington,11,56,west-virginia,2,69,3,east,2010
29,kentucky,1,66,west-virginia,2,73,4,east,2010
30,kansas,1,90,lehigh,16,74,1,midwest,2010
31,nevada-las-vegas,8,66,northern-iowa,9,69,1,midwest,2010
32,michigan-state,5,70,new-mexico-state,12,67,1,midwest,2010
33,maryland,4,89,houston,13,77,1,midwest,2010
34,tennessee,6,62,san-diego-state,11,59,1,midwest,2010
35,georgetown,3,83,ohio,14,97,1,midwest,2010
36,oklahoma-state,7,59,georgia-tech,10,64,1,midwest,2010
37,ohio-state,2,68,california-santa-barbara,15,51,1,midwest,2010
38,kansas,1,67,northern-iowa,9,69,2,midwest,2010
39,michigan-state,5,85,maryland,4,83,2,midwest,2010
40,tennessee,6,83,ohio,14,68,2,midwest,2010
41,georgia-tech,10,66,ohio-state,2,75,2,midwest,2010
42,northern-iowa,9,52,michigan-state,5,59,3,midwest,2010
43,tennessee,6,76,ohio-state,2,73,3,midwest,2010
44,michigan-state,5,70,tennessee,6,69,4,midwest,2010
45,syracuse,1,79,vermont,16,56,1,west,2010
46,gonzaga,8,67,florida-state,9,60,1,west,2010
47,butler,5,77,texas-el-paso,12,59,1,west,2010
48,vanderbilt,4,65,murray-state,13,66,1,west,2010
49,xavier,6,65,minnesota,11,54,1,west,2010
50,pittsburgh,3,89,oakland,14,66,1,west,2010
51,brigham-young,7,99,florida,10,92,1,west,2010
52,kansas-state,2,82,north-texas,15,62,1,west,2010
53,syracuse,1,87,gonzaga,8,65,2,west,2010
54,butler,5,54,murray-state,13,52,2,west,2010
55,xavier,6,71,pittsburgh,3,68,2,west,2010
56,brigham-young,7,72,kansas-state,2,84,2,west,2010
57,syracuse,1,59,butler,5,63,3,west,2010
58,xavier,6,96,kansas-state,2,101,3,west,2010
59,butler,5,63,kansas-state,2,56,4,west,2010
60,duke,1,78,west-virginia,2,57,1,national,2010
61,michigan-state,5,50,butler,5,52,1,national,2010
62,duke,1,61,butler,5,59,2,national,2010
0,ohio-state,1,75,texas-san-antonio,16,46,1,east,2011
1,george-mason,8,61,villanova,9,57,1,east,2011
2,west-virginia,5,84,clemson,12,76,1,east,2011
3,kentucky,4,59,princeton,13,57,1,east,2011
4,xavier,6,55,marquette,11,66,1,east,2011
5,syracuse,3,77,indiana-state,14,60,1,east,2011
6,washington,7,68,georgia,10,65,1,east,2011
7,north-carolina,2,102,long-island-university,15,87,1,east,2011
8,ohio-state,1,98,george-mason,8,66,2,east,2011
9,west-virginia,5,63,kentucky,4,71,2,east,2011
10,marquette,11,66,syracuse,3,62,2,east,2011
11,washington,7,83,north-carolina,2,86,2,east,2011
12,ohio-state,1,60,kentucky,4,62,3,east,2011
13,marquette,11,63,north-carolina,2,81,3,east,2011
14,kentucky,4,76,north-carolina,2,69,4,east,2011
15,pittsburgh,1,74,north-carolina-asheville,16,51,1,southeast,2011
16,butler,8,60,old-dominion,9,58,1,southeast,2011
17,kansas-state,5,73,utah-state,12,68,1,southeast,2011
18,wisconsin,4,72,belmont,13,58,1,southeast,2011
19,st-johns-ny,6,71,gonzaga,11,86,1,southeast,2011
20,brigham-young,3,74,wofford,14,66,1,southeast,2011
21,ucla,7,78,michigan-state,10,76,1,southeast,2011
22,florida,2,79,california-santa-barbara,15,51,1,southeast,2011
23,pittsburgh,1,70,butler,8,71,2,southeast,2011
24,kansas-state,5,65,wisconsin,4,70,2,southeast,2011
25,gonzaga,11,67,brigham-young,3,89,2,southeast,2011
26,ucla,7,65,florida,2,73,2,southeast,2011
27,butler,8,61,wisconsin,4,54,3,southeast,2011
28,brigham-young,3,74,florida,2,83,3,southeast,2011
29,butler,8,74,florida,2,71,4,southeast,2011
30,kansas,1,72,boston-university,16,53,1,southwest,2011
31,nevada-las-vegas,8,62,illinois,9,73,1,southwest,2011
32,vanderbilt,5,66,richmond,12,69,1,southwest,2011
33,louisville,4,61,morehead-state,13,62,1,southwest,2011
34,georgetown,6,56,virginia-commonwealth,11,74,1,southwest,2011
35,purdue,3,65,saint-peters,14,43,1,southwest,2011
36,texas-am,7,50,florida-state,10,57,1,southwest,2011
37,notre-dame,2,69,akron,15,56,1,southwest,2011
38,kansas,1,73,illinois,9,59,2,southwest,2011
39,richmond,12,65,morehead-state,13,48,2,southwest,2011
40,virginia-commonwealth,11,94,purdue,3,76,2,southwest,2011
41,florida-state,10,71,notre-dame,2,57,2,southwest,2011
42,kansas,1,77,richmond,12,57,3,southwest,2011
43,virginia-commonwealth,11,72,florida-state,10,71,3,southwest,2011
44,kansas,1,61,virginia-commonwealth,11,71,4,southwest,2011
45,duke,1,87,hampton,16,45,1,west,2011
46,michigan,8,75,tennessee,9,45,1,west,2011
47,arizona,5,77,memphis,12,75,1,west,2011
48,texas,4,85,oakland,13,81,1,west,2011
49,cincinnati,6,78,missouri,11,63,1,west,2011
50,connecticut,3,81,bucknell,14,52,1,west,2011
51,temple,7,66,penn-state,10,64,1,west,2011
52,san-diego-state,2,68,northern-colorado,15,50,1,west,2011
53,duke,1,73,michigan,8,71,2,west,2011
54,arizona,5,70,texas,4,69,2,west,2011
55,cincinnati,6,58,connecticut,3,69,2,west,2011
56,temple,7,64,san-diego-state,2,71,2,west,2011
57,duke,1,77,arizona,5,93,3,west,2011
58,connecticut,3,74,san-diego-state,2,67,3,west,2011
59,arizona,5,63,connecticut,3,65,4,west,2011
60,connecticut,3,56,kentucky,4,55,1,national,2011
61,virginia-commonwealth,11,62,butler,8,70,1,national,2011
62,connecticut,3,53,butler,8,41,2,national,2011
0,north-carolina,1,77,vermont,16,58,1,midwest,2012
1,creighton,8,58,alabama,9,57,1,midwest,2012
2,temple,5,44,south-florida,12,58,1,midwest,2012
3,michigan,4,60,ohio,13,65,1,midwest,2012
4,san-diego-state,6,65,north-carolina-state,11,79,1,midwest,2012
5,georgetown,3,74,belmont,14,59,1,midwest,2012
6,saint-marys-ca,7,69,purdue,10,72,1,midwest,2012
7,kansas,2,65,detroit-mercy,15,50,1,midwest,2012
8,north-carolina,1,87,creighton,8,73,2,midwest,2012
9,south-florida,12,56,ohio,13,62,2,midwest,2012
10,north-carolina-state,11,66,georgetown,3,63,2,midwest,2012
11,purdue,10,60,kansas,2,63,2,midwest,2012
12,north-carolina,1,73,ohio,13,65,3,midwest,2012
13,north-carolina-state,11,57,kansas,2,60,3,midwest,2012
14,north-carolina,1,67,kansas,2,80,4,midwest,2012
15,kentucky,1,81,western-kentucky,16,66,1,south,2012
16,iowa-state,8,77,connecticut,9,64,1,south,2012
17,wichita-state,5,59,virginia-commonwealth,12,62,1,south,2012
18,indiana,4,79,new-mexico-state,13,66,1,south,2012
19,nevada-las-vegas,6,64,colorado,11,68,1,south,2012
20,baylor,3,68,south-dakota-state,14,60,1,south,2012
21,notre-dame,7,63,xavier,10,67,1,south,2012
22,duke,2,70,lehigh,15,75,1,south,2012
23,kentucky,1,87,iowa-state,8,71,2,south,2012
24,virginia-commonwealth,12,61,indiana,4,63,2,south,2012
25,colorado,11,63,baylor,3,80,2,south,2012
26,xavier,10,70,lehigh,15,58,2,south,2012
27,kentucky,1,102,indiana,4,90,3,south,2012
28,baylor,3,75,xavier,10,70,3,south,2012
29,kentucky,1,82,baylor,3,70,4,south,2012
30,michigan-state,1,89,long-island-university,16,67,1,west,2012
31,memphis,8,54,saint-louis,9,61,1,west,2012
32,new-mexico,5,75,long-beach-state,12,68,1,west,2012
33,louisville,4,69,davidson,13,62,1,west,2012
34,murray-state,6,58,colorado-state,11,41,1,west,2012
35,marquette,3,88,brigham-young,14,68,1,west,2012
36,florida,7,71,virginia,10,45,1,west,2012
37,missouri,2,84,norfolk-state,15,86,1,west,2012
38,michigan-state,1,65,saint-louis,9,61,2,west,2012
39,new-mexico,5,56,louisville,4,59,2,west,2012
40,murray-state,6,53,marquette,3,62,2,west,2012
41,florida,7,84,norfolk-state,15,50,2,west,2012
42,michigan-state,1,44,louisville,4,57,3,west,2012
43,marquette,3,58,florida,7,68,3,west,2012
44,louisville,4,72,florida,7,68,4,west,2012
45,syracuse,1,72,north-carolina-asheville,16,65,1,east,2012
46,kansas-state,8,70,southern-mississippi,9,64,1,east,2012
47,vanderbilt,5,79,harvard,12,70,1,east,2012
48,wisconsin,4,73,montana,13,49,1,east,2012
49,cincinnati,6,65,texas,11,59,1,east,2012
50,florida-state,3,66,st-bonaventure,14,63,1,east,2012
51,gonzaga,7,77,west-virginia,10,54,1,east,2012
52,ohio-state,2,78,loyola-md,15,59,1,east,2012
53,syracuse,1,75,kansas-state,8,59,2,east,2012
54,vanderbilt,5,57,wisconsin,4,60,2,east,2012
55,cincinnati,6,62,florida-state,3,56,2,east,2012
56,gonzaga,7,66,ohio-state,2,73,2,east,2012
57,syracuse,1,64,wisconsin,4,63,3,east,2012
58,cincinnati,6,66,ohio-state,2,81,3,east,2012
59,syracuse,1,70,ohio-state,2,77,4,east,2012
60,kentucky,1,69,louisville,4,61,1,national,2012
61,ohio-state,2,62,kansas,2,64,1,national,2012
62,kentucky,1,67,kansas,2,59,2,national,2012
0,indiana,1,83,james-madison,16,62,1,east,2013
1,north-carolina-state,8,72,temple,9,76,1,east,2013
2,nevada-las-vegas,5,61,california,12,64,1,east,2013
3,syracuse,4,81,montana,13,34,1,east,2013
4,butler,6,68,bucknell,11,56,1,east,2013
5,marquette,3,59,davidson,14,58,1,east,2013
6,illinois,7,57,colorado,10,49,1,east,2013
7,miami-fl,2,78,pacific,15,49,1,east,2013
8,indiana,1,58,temple,9,52,2,east,2013
9,california,12,60,syracuse,4,66,2,east,2013
10,butler,6,72,marquette,3,74,2,east,2013
11,illinois,7,59,miami-fl,2,63,2,east,2013
12,indiana,1,50,syracuse,4,61,3,east,2013
13,marquette,3,71,miami-fl,2,61,3,east,2013
14,syracuse,4,55,marquette,3,39,4,east,2013
15,louisville,1,79,north-carolina-at,16,48,1,midwest,2013
16,colorado-state,8,84,missouri,9,72,1,midwest,2013
17,oklahoma-state,5,55,oregon,12,68,1,midwest,2013
18,saint-louis,4,64,new-mexico-state,13,44,1,midwest,2013
19,memphis,6,54,saint-marys-ca,11,52,1,midwest,2013
20,michigan-state,3,65,valparaiso,14,54,1,midwest,2013
21,creighton,7,67,cincinnati,10,63,1,midwest,2013
22,duke,2,73,albany-ny,15,61,1,midwest,2013
23,louisville,1,82,colorado-state,8,56,2,midwest,2013
24,oregon,12,74,saint-louis,4,57,2,midwest,2013
25,memphis,6,48,michigan-state,3,70,2,midwest,2013
26,creighton,7,50,duke,2,66,2,midwest,2013
27,louisville,1,77,oregon,12,69,3,midwest,2013
28,michigan-state,3,61,duke,2,71,3,midwest,2013
29,louisville,1,85,duke,2,63,4,midwest,2013
30,gonzaga,1,64,southern,16,58,1,west,2013
31,pittsburgh,8,55,wichita-state,9,73,1,west,2013
32,wisconsin,5,46,mississippi,12,57,1,west,2013
33,kansas-state,4,61,la-salle,13,63,1,west,2013
34,arizona,6,81,belmont,11,64,1,west,2013
35,new-mexico,3,62,harvard,14,68,1,west,2013
36,notre-dame,7,58,iowa-state,10,76,1,west,2013
37,ohio-state,2,95,iona,15,70,1,west,2013
38,gonzaga,1,70,wichita-state,9,76,2,west,2013
39,mississippi,12,74,la-salle,13,76,2,west,2013
40,arizona,6,74,harvard,14,51,2,west,2013
41,iowa-state,10,75,ohio-state,2,78,2,west,2013
42,wichita-state,9,72,la-salle,13,58,3,west,2013
43,arizona,6,70,ohio-state,2,73,3,west,2013
44,wichita-state,9,70,ohio-state,2,66,4,west,2013
45,kansas,1,64,western-kentucky,16,57,1,south,2013
46,north-carolina,8,78,villanova,9,71,1,south,2013
47,virginia-commonwealth,5,88,akron,12,42,1,south,2013
48,michigan,4,71,south-dakota-state,13,56,1,south,2013
49,ucla,6,63,minnesota,11,83,1,south,2013
50,florida,3,79,northwestern-state,14,47,1,south,2013
51,san-diego-state,7,70,oklahoma,10,55,1,south,2013
52,georgetown,2,68,florida-gulf-coast,15,78,1,south,2013
53,kansas,1,70,north-carolina,8,58,2,south,2013
54,virginia-commonwealth,5,53,michigan,4,78,2,south,2013
55,minnesota,11,64,florida,3,78,2,south,2013
56,san-diego-state,7,71,florida-gulf-coast,15,81,2,south,2013
57,kansas,1,85,michigan,4,87,3,south,2013
58,florida,3,62,florida-gulf-coast,15,50,3,south,2013
59,michigan,4,79,florida,3,59,4,south,2013
60,louisville,1,72,wichita-state,9,68,1,national,2013
61,syracuse,4,56,michigan,4,61,1,national,2013
62,louisville,1,82,michigan,4,76,2,national,2013
0,wichita-state,1,64,cal-poly,16,37,1,midwest,2014
1,kentucky,8,56,kansas-state,9,49,1,midwest,2014
2,saint-louis,5,83,north-carolina-state,12,80,1,midwest,2014
3,louisville,4,71,manhattan,13,64,1,midwest,2014
4,massachusetts,6,67,tennessee,11,86,1,midwest,2014
5,duke,3,71,mercer,14,78,1,midwest,2014
6,texas,7,87,arizona-state,10,85,1,midwest,2014
7,michigan,2,57,wofford,15,40,1,midwest,2014
8,wichita-state,1,76,kentucky,8,78,2,midwest,2014
9,saint-louis,5,51,louisville,4,66,2,midwest,2014
10,tennessee,11,83,mercer,14,63,2,midwest,2014
11,texas,7,65,michigan,2,79,2,midwest,2014
12,kentucky,8,74,louisville,4,69,3,midwest,2014
13,tennessee,11,71,michigan,2,73,3,midwest,2014
14,kentucky,8,75,michigan,2,72,4,midwest,2014
15,florida,1,67,albany-ny,16,55,1,south,2014
16,colorado,8,48,pittsburgh,9,77,1,south,2014
17,virginia-commonwealth,5,75,stephen-f-austin,12,77,1,south,2014
18,ucla,4,76,tulsa,13,59,1,south,2014
19,ohio-state,6,59,dayton,11,60,1,south,2014
20,syracuse,3,77,western-michigan,14,53,1,south,2014
21,new-mexico,7,53,stanford,10,58,1,south,2014
22,kansas,2,80,eastern-kentucky,15,69,1,south,2014
23,florida,1,61,pittsburgh,9,45,2,south,2014
24,stephen-f-austin,12,60,ucla,4,77,2,south,2014
25,dayton,11,55,syracuse,3,53,2,south,2014
26,stanford,10,60,kansas,2,57,2,south,2014
27,florida,1,79,ucla,4,68,3,south,2014
28,dayton,11,82,stanford,10,72,3,south,2014
29,florida,1,62,dayton,11,52,4,south,2014
30,virginia,1,70,coastal-carolina,16,59,1,east,2014
31,memphis,8,71,george-washington,9,66,1,east,2014
32,cincinnati,5,57,harvard,12,61,1,east,2014
33,michigan-state,4,93,delaware,13,78,1,east,2014
34,north-carolina,6,79,providence,11,77,1,east,2014
35,iowa-state,3,93,north-carolina-central,14,75,1,east,2014
36,connecticut,7,89,saint-josephs,10,81,1,east,2014
37,villanova,2,73,milwaukee,15,53,1,east,2014
38,virginia,1,78,memphis,8,60,2,east,2014
39,harvard,12,73,michigan-state,4,80,2,east,2014
40,north-carolina,6,83,iowa-state,3,85,2,east,2014
41,connecticut,7,77,villanova,2,65,2,east,2014
42,virginia,1,59,michigan-state,4,61,3,east,2014
43,iowa-state,3,76,connecticut,7,81,3,east,2014
44,michigan-state,4,54,connecticut,7,60,4,east,2014
45,arizona,1,68,weber-state,16,59,1,west,2014
46,gonzaga,8,85,oklahoma-state,9,77,1,west,2014
47,oklahoma,5,75,north-dakota-state,12,80,1,west,2014
48,san-diego-state,4,73,new-mexico-state,13,69,1,west,2014
49,baylor,6,74,nebraska,11,60,1,west,2014
50,creighton,3,76,louisiana-lafayette,14,66,1,west,2014
51,oregon,7,87,brigham-young,10,68,1,west,2014
52,wisconsin,2,75,american,15,35,1,west,2014
53,arizona,1,84,gonzaga,8,61,2,west,2014
54,north-dakota-state,12,44,san-diego-state,4,63,2,west,2014
55,baylor,6,85,creighton,3,55,2,west,2014
56,oregon,7,77,wisconsin,2,85,2,west,2014
57,arizona,1,70,san-diego-state,4,64,3,west,2014
58,baylor,6,52,wisconsin,2,69,3,west,2014
59,arizona,1,63,wisconsin,2,64,4,west,2014
60,connecticut,7,63,florida,1,53,1,national,2014
61,wisconsin,2,73,kentucky,8,74,1,national,2014
62,connecticut,7,60,kentucky,8,54,2,national,2014
0,villanova,1,93,lafayette,16,52,1,east,2015
1,north-carolina-state,8,66,louisiana-state,9,65,1,east,2015
2,northern-iowa,5,71,wyoming,12,54,1,east,2015
3,louisville,4,57,california-irvine,13,55,1,east,2015
4,providence,6,53,dayton,11,66,1,east,2015
5,oklahoma,3,69,albany-ny,14,60,1,east,2015
6,michigan-state,7,70,georgia,10,63,1,east,2015
7,virginia,2,79,belmont,15,67,1,east,2015
8,villanova,1,68,north-carolina-state,8,71,2,east,2015
9,northern-iowa,5,53,louisville,4,66,2,east,2015
10,dayton,11,66,oklahoma,3,72,2,east,2015
11,michigan-state,7,60,virginia,2,54,2,east,2015
12,north-carolina-state,8,65,louisville,4,75,3,east,2015
13,oklahoma,3,58,michigan-state,7,62,3,east,2015
14,louisville,4,70,michigan-state,7,76,4,east,2015
15,kentucky,1,79,hampton,16,56,1,midwest,2015
16,cincinnati,8,66,purdue,9,65,1,midwest,2015
17,west-virginia,5,68,buffalo,12,62,1,midwest,2015
18,maryland,4,65,valparaiso,13,62,1,midwest,2015
19,butler,6,56,texas,11,48,1,midwest,2015
20,notre-dame,3,69,northeastern,14,65,1,midwest,2015
21,wichita-state,7,81,indiana,10,76,1,midwest,2015
22,kansas,2,75,new-mexico-state,15,56,1,midwest,2015
23,kentucky,1,64,cincinnati,8,51,2,midwest,2015
24,west-virginia,5,69,maryland,4,59,2,midwest,2015
25,butler,6,64,notre-dame,3,67,2,midwest,2015
26,wichita-state,7,78,kansas,2,65,2,midwest,2015
27,kentucky,1,78,west-virginia,5,39,3,midwest,2015
28,notre-dame,3,81,wichita-state,7,70,3,midwest,2015
29,kentucky,1,68,notre-dame,3,66,4,midwest,2015
30,duke,1,85,robert-morris,16,56,1,south,2015
31,san-diego-state,8,76,st-johns-ny,9,64,1,south,2015
32,utah,5,57,stephen-f-austin,12,50,1,south,2015
33,georgetown,4,84,eastern-washington,13,74,1,south,2015
34,southern-methodist,6,59,ucla,11,60,1,south,2015
35,iowa-state,3,59,alabama-birmingham,14,60,1,south,2015
36,iowa,7,83,davidson,10,52,1,south,2015
37,gonzaga,2,86,north-dakota-state,15,76,1,south,2015
38,duke,1,68,san-diego-state,8,49,2,south,2015
39,utah,5,75,georgetown,4,64,2,south,2015
40,ucla,11,92,alabama-birmingham,14,75,2,south,2015
41,iowa,7,68,gonzaga,2,87,2,south,2015
42,duke,1,63,utah,5,57,3,south,2015
43,ucla,11,62,gonzaga,2,74,3,south,2015
44,duke,1,66,gonzaga,2,52,4,south,2015
45,wisconsin,1,86,coastal-carolina,16,72,1,west,2015
46,oregon,8,79,oklahoma-state,9,73,1,west,2015
47,arkansas,5,56,wofford,12,53,1,west,2015
48,north-carolina,4,67,harvard,13,65,1,west,2015
49,xavier,6,76,mississippi,11,57,1,west,2015
50,baylor,3,56,georgia-state,14,57,1,west,2015
51,virginia-commonwealth,7,72,ohio-state,10,75,1,west,2015
52,arizona,2,93,texas-southern,15,72,1,west,2015
53,wisconsin,1,72,oregon,8,65,2,west,2015
54,arkansas,5,78,north-carolina,4,87,2,west,2015
55,xavier,6,75,georgia-state,14,67,2,west,2015
56,ohio-state,10,58,arizona,2,73,2,west,2015
57,wisconsin,1,79,north-carolina,4,72,3,west,2015
58,xavier,6,60,arizona,2,68,3,west,2015
59,wisconsin,1,85,arizona,2,78,4,west,2015
60,duke,1,81,michigan-state,7,61,1,national,2015
61,kentucky,1,64,wisconsin,1,71,1,national,2015
62,duke,1,68,wisconsin,1,63,2,national,2015
0,north-carolina,1,83,florida-gulf-coast,16,67,1,east,2016
1,southern-california,8,69,providence,9,70,1,east,2016
2,indiana,5,99,chattanooga,12,74,1,east,2016
3,kentucky,4,85,stony-brook,13,57,1,east,2016
4,notre-dame,6,70,michigan,11,63,1,east,2016
5,west-virginia,3,56,stephen-f-austin,14,70,1,east,2016
6,wisconsin,7,47,pittsburgh,10,43,1,east,2016
7,xavier,2,71,weber-state,15,53,1,east,2016
8,north-carolina,1,85,providence,9,66,2,east,2016
9,indiana,5,73,kentucky,4,67,2,east,2016
10,notre-dame,6,76,stephen-f-austin,14,75,2,east,2016
11,wisconsin,7,66,xavier,2,63,2,east,2016
12,north-carolina,1,101,indiana,5,86,3,east,2016
13,notre-dame,6,61,wisconsin,7,56,3,east,2016
14,north-carolina,1,88,notre-dame,6,74,4,east,2016
15,kansas,1,105,austin-peay,16,79,1,south,2016
16,colorado,8,67,connecticut,9,74,1,south,2016
17,maryland,5,79,south-dakota-state,12,74,1,south,2016
18,california,4,66,hawaii,13,77,1,south,2016
19,arizona,6,55,wichita-state,11,65,1,south,2016
20,miami-fl,3,79,buffalo,14,72,1,south,2016
21,iowa,7,72,temple,10,70,1,south,2016
22,villanova,2,86,north-carolina-asheville,15,56,1,south,2016
23,kansas,1,73,connecticut,9,61,2,south,2016
24,maryland,5,73,hawaii,13,60,2,south,2016
25,wichita-state,11,57,miami-fl,3,65,2,south,2016
26,iowa,7,68,villanova,2,87,2,south,2016
27,kansas,1,79,maryland,5,63,3,south,2016
28,miami-fl,3,69,villanova,2,92,3,south,2016
29,kansas,1,59,villanova,2,64,4,south,2016
30,oregon,1,91,holy-cross,16,52,1,west,2016
31,saint-josephs,8,78,cincinnati,9,76,1,west,2016
32,baylor,5,75,yale,12,79,1,west,2016
33,duke,4,93,north-carolina-wilmington,13,85,1,west,2016
34,texas,6,72,northern-iowa,11,75,1,west,2016
35,texas-am,3,92,green-bay,14,65,1,west,2016
36,oregon-state,7,67,virginia-commonwealth,10,75,1,west,2016
37,oklahoma,2,82,cal-state-bakersfield,15,68,1,west,2016
38,oregon,1,69,saint-josephs,8,64,2,west,2016
39,yale,12,64,duke,4,71,2,west,2016
40,northern-iowa,11,88,texas-am,3,92,2,west,2016
41,virginia-commonwealth,10,81,oklahoma,2,85,2,west,2016
42,oregon,1,82,duke,4,68,3,west,2016
43,texas-am,3,63,oklahoma,2,77,3,west,2016
44,oregon,1,68,oklahoma,2,80,4,west,2016
45,virginia,1,81,hampton,16,45,1,midwest,2016
46,texas-tech,8,61,butler,9,71,1,midwest,2016
47,purdue,5,83,arkansas-little-rock,12,85,1,midwest,2016
48,iowa-state,4,94,iona,13,81,1,midwest,2016
49,seton-hall,6,52,gonzaga,11,68,1,midwest,2016
50,utah,3,80,fresno-state,14,69,1,midwest,2016
51,dayton,7,51,syracuse,10,70,1,midwest,2016
52,michigan-state,2,81,middle-tennessee,15,90,1,midwest,2016
53,virginia,1,77,butler,9,69,2,midwest,2016
54,arkansas-little-rock,12,61,iowa-state,4,78,2,midwest,2016
55,gonzaga,11,82,utah,3,59,2,midwest,2016
56,syracuse,10,75,middle-tennessee,15,50,2,midwest,2016
57,virginia,1,84,iowa-state,4,71,3,midwest,2016
58,gonzaga,11,60,syracuse,10,63,3,midwest,2016
59,virginia,1,62,syracuse,10,68,4,midwest,2016
60,villanova,2,95,oklahoma,2,51,1,national,2016
61,syracuse,10,66,north-carolina,1,83,1,national,2016
62,villanova,2,77,north-carolina,1,74,2,national,2016
0,villanova,1,76,mount-st-marys,16,56,1,east,2017
1,wisconsin,8,84,virginia-tech,9,74,1,east,2017
2,virginia,5,76,north-carolina-wilmington,12,71,1,east,2017
3,florida,4,80,east-tennessee-state,13,65,1,east,2017
4,southern-methodist,6,65,southern-california,11,66,1,east,2017
5,baylor,3,91,new-mexico-state,14,73,1,east,2017
6,south-carolina,7,93,marquette,10,73,1,east,2017
7,duke,2,87,troy,15,65,1,east,2017
8,villanova,1,62,wisconsin,8,65,2,east,2017
9,virginia,5,39,florida,4,65,2,east,2017
10,southern-california,11,78,baylor,3,82,2,east,2017
11,south-carolina,7,88,duke,2,81,2,east,2017
12,wisconsin,8,83,florida,4,84,3,east,2017
13,baylor,3,50,south-carolina,7,70,3,east,2017
14,florida,4,70,south-carolina,7,77,4,east,2017
15,kansas,1,100,california-davis,16,62,1,midwest,2017
16,miami-fl,8,58,michigan-state,9,78,1,midwest,2017
17,iowa-state,5,84,nevada,12,73,1,midwest,2017
18,purdue,4,80,vermont,13,70,1,midwest,2017
19,creighton,6,72,rhode-island,11,84,1,midwest,2017
20,oregon,3,93,iona,14,77,1,midwest,2017
21,michigan,7,92,oklahoma-state,10,91,1,midwest,2017
22,louisville,2,78,jacksonville-state,15,63,1,midwest,2017
23,kansas,1,90,michigan-state,9,70,2,midwest,2017
24,iowa-state,5,76,purdue,4,80,2,midwest,2017
25,rhode-island,11,72,oregon,3,75,2,midwest,2017
26,michigan,7,73,louisville,2,69,2,midwest,2017
27,kansas,1,98,purdue,4,66,3,midwest,2017
28,oregon,3,69,michigan,7,68,3,midwest,2017
29,kansas,1,60,oregon,3,74,4,midwest,2017
30,north-carolina,1,103,texas-southern,16,64,1,south,2017
31,arkansas,8,77,seton-hall,9,71,1,south,2017
32,minnesota,5,72,middle-tennessee,12,81,1,south,2017
33,butler,4,76,winthrop,13,64,1,south,2017
34,cincinnati,6,75,kansas-state,11,61,1,south,2017
35,ucla,3,97,kent-state,14,80,1,south,2017
36,dayton,7,58,wichita-state,10,64,1,south,2017
37,kentucky,2,79,northern-kentucky,15,70,1,south,2017
38,north-carolina,1,72,arkansas,8,65,2,south,2017
39,middle-tennessee,12,65,butler,4,74,2,south,2017
40,cincinnati,6,67,ucla,3,79,2,south,2017
41,wichita-state,10,62,kentucky,2,65,2,south,2017
42,north-carolina,1,92,butler,4,80,3,south,2017
43,ucla,3,75,kentucky,2,86,3,south,2017
44,north-carolina,1,75,kentucky,2,73,4,south,2017
45,gonzaga,1,66,south-dakota-state,16,46,1,west,2017
46,northwestern,8,68,vanderbilt,9,66,1,west,2017
47,notre-dame,5,60,princeton,12,58,1,west,2017
48,west-virginia,4,86,bucknell,13,80,1,west,2017
49,maryland,6,65,xavier,11,76,1,west,2017
50,florida-state,3,86,florida-gulf-coast,14,80,1,west,2017
51,saint-marys-ca,7,85,virginia-commonwealth,10,77,1,west,2017
52,arizona,2,100,north-dakota,15,82,1,west,2017
53,gonzaga,1,79,northwestern,8,73,2,west,2017
54,notre-dame,5,71,west-virginia,4,83,2,west,2017
55,xavier,11,91,florida-state,3,66,2,west,2017
56,saint-marys-ca,7,60,arizona,2,69,2,west,2017
57,gonzaga,1,61,west-virginia,4,58,3,west,2017
58,xavier,11,73,arizona,2,71,3,west,2017
59,gonzaga,1,83,xavier,11,59,4,west,2017
60,oregon,3,76,north-carolina,1,77,1,national,2017
61,south-carolina,7,73,gonzaga,1,77,1,national,2017
62,north-carolina,1,71,gonzaga,1,65,2,national,2017
0,villanova,1,87,radford,16,61,1,east,2018
1,virginia-tech,8,83,alabama,9,86,1,east,2018
2,west-virginia,5,85,murray-state,12,68,1,east,2018
3,wichita-state,4,75,marshall,13,81,1,east,2018
4,florida,6,77,st-bonaventure,11,62,1,east,2018
5,texas-tech,3,70,stephen-f-austin,14,60,1,east,2018
6,arkansas,7,62,butler,10,79,1,east,2018
7,purdue,2,74,cal-state-fullerton,15,48,1,east,2018
8,villanova,1,81,alabama,9,58,2,east,2018
9,west-virginia,5,94,marshall,13,71,2,east,2018
10,florida,6,66,texas-tech,3,69,2,east,2018
11,butler,10,73,purdue,2,76,2,east,2018
12,villanova,1,90,west-virginia,5,78,3,east,2018
13,texas-tech,3,78,purdue,2,65,3,east,2018
14,villanova,1,71,texas-tech,3,59,4,east,2018
15,kansas,1,76,pennsylvania,16,60,1,midwest,2018
16,seton-hall,8,94,north-carolina-state,9,83,1,midwest,2018
17,clemson,5,79,new-mexico-state,12,68,1,midwest,2018
18,auburn,4,62,college-of-charleston,13,58,1,midwest,2018
19,texas-christian,6,52,syracuse,11,57,1,midwest,2018
20,michigan-state,3,82,bucknell,14,78,1,midwest,2018
21,rhode-island,7,83,oklahoma,10,78,1,midwest,2018
22,duke,2,89,iona,15,67,1,midwest,2018
23,kansas,1,83,seton-hall,8,79,2,midwest,2018
24,clemson,5,84,auburn,4,53,2,midwest,2018
25,syracuse,11,55,michigan-state,3,53,2,midwest,2018
26,rhode-island,7,62,duke,2,87,2,midwest,2018
27,kansas,1,80,clemson,5,76,3,midwest,2018
28,syracuse,11,65,duke,2,69,3,midwest,2018
29,kansas,1,85,duke,2,81,4,midwest,2018
30,xavier,1,102,texas-southern,16,83,1,west,2018
31,missouri,8,54,florida-state,9,67,1,west,2018
32,ohio-state,5,81,south-dakota-state,12,73,1,west,2018
33,gonzaga,4,68,north-carolina-greensboro,13,64,1,west,2018
34,houston,6,67,san-diego-state,11,65,1,west,2018
35,michigan,3,61,montana,14,47,1,west,2018
36,texas-am,7,73,providence,10,69,1,west,2018
37,north-carolina,2,84,lipscomb,15,66,1,west,2018
38,xavier,1,70,florida-state,9,75,2,west,2018
39,ohio-state,5,84,gonzaga,4,90,2,west,2018
40,houston,6,63,michigan,3,64,2,west,2018
41,texas-am,7,86,north-carolina,2,65,2,west,2018
42,florida-state,9,75,gonzaga,4,60,3,west,2018
43,michigan,3,99,texas-am,7,72,3,west,2018
44,florida-state,9,54,michigan,3,58,4,west,2018
45,virginia,1,54,maryland-baltimore-county,16,74,1,south,2018
46,creighton,8,59,kansas-state,9,69,1,south,2018
47,kentucky,5,78,davidson,12,73,1,south,2018
48,arizona,4,68,buffalo,13,89,1,south,2018
49,miami-fl,6,62,loyola-il,11,64,1,south,2018
50,tennessee,3,73,wright-state,14,47,1,south,2018
51,nevada,7,87,texas,10,83,1,south,2018
52,cincinnati,2,68,georgia-state,15,53,1,south,2018
53,maryland-baltimore-county,16,43,kansas-state,9,50,2,south,2018
54,kentucky,5,95,buffalo,13,75,2,south,2018
55,loyola-il,11,63,tennessee,3,62,2,south,2018
56,nevada,7,75,cincinnati,2,73,2,south,2018
57,kansas-state,9,61,kentucky,5,58,3,south,2018
58,loyola-il,11,69,nevada,7,68,3,south,2018
59,kansas-state,9,62,loyola-il,11,78,4,south,2018
60,villanova,1,95,kansas,1,79,1,national,2018
61,loyola-il,11,57,michigan,3,69,1,national,2018
62,villanova,1,79,michigan,3,62,2,national,2018
0,duke,1,85,north-dakota-state,16,62,1,east,2019
1,virginia-commonwealth,8,58,central-florida,9,73,1,east,2019
2,mississippi-state,5,76,liberty,12,80,1,east,2019
3,virginia-tech,4,66,saint-louis,13,52,1,east,2019
4,maryland,6,79,belmont,11,77,1,east,2019
5,louisiana-state,3,79,yale,14,74,1,east,2019
6,louisville,7,76,minnesota,10,86,1,east,2019
7,michigan-state,2,76,bradley,15,65,1,east,2019
8,duke,1,77,central-florida,9,76,2,east,2019
9,liberty,12,58,virginia-tech,4,67,2,east,2019
10,maryland,6,67,louisiana-state,3,69,2,east,2019
11,minnesota,10,50,michigan-state,2,70,2,east,2019
12,duke,1,75,virginia-tech,4,73,3,east,2019
13,louisiana-state,3,63,michigan-state,2,80,3,east,2019
14,duke,1,67,michigan-state,2,68,4,east,2019
15,gonzaga,1,87,fairleigh-dickinson,16,49,1,west,2019
16,syracuse,8,69,baylor,9,78,1,west,2019
17,marquette,5,64,murray-state,12,83,1,west,2019
18,florida-state,4,76,vermont,13,69,1,west,2019
19,buffalo,6,91,arizona-state,11,74,1,west,2019
20,texas-tech,3,72,northern-kentucky,14,57,1,west,2019
21,nevada,7,61,florida,10,70,1,west,2019
22,michigan,2,74,montana,15,55,1,west,2019
23,gonzaga,1,83,baylor,9,71,2,west,2019
24,murray-state,12,62,florida-state,4,90,2,west,2019
25,buffalo,6,58,texas-tech,3,78,2,west,2019
26,florida,10,49,michigan,2,64,2,west,2019
27,gonzaga,1,72,florida-state,4,58,3,west,2019
28,texas-tech,3,63,michigan,2,44,3,west,2019
29,gonzaga,1,69,texas-tech,3,75,4,west,2019
30,north-carolina,1,88,iona,16,73,1,midwest,2019
31,utah-state,8,61,washington,9,78,1,midwest,2019
32,auburn,5,78,new-mexico-state,12,77,1,midwest,2019
33,kansas,4,87,northeastern,13,53,1,midwest,2019
34,iowa-state,6,59,ohio-state,11,62,1,midwest,2019
35,houston,3,84,georgia-state,14,55,1,midwest,2019
36,wofford,7,84,seton-hall,10,68,1,midwest,2019
37,kentucky,2,79,abilene-christian,15,44,1,midwest,2019
38,north-carolina,1,81,washington,9,59,2,midwest,2019
39,auburn,5,89,kansas,4,75,2,midwest,2019
40,ohio-state,11,59,houston,3,74,2,midwest,2019
41,wofford,7,56,kentucky,2,62,2,midwest,2019
42,north-carolina,1,80,auburn,5,97,3,midwest,2019
43,houston,3,58,kentucky,2,62,3,midwest,2019
44,auburn,5,77,kentucky,2,71,4,midwest,2019
45,virginia,1,71,gardner-webb,16,56,1,south,2019
46,mississippi,8,72,oklahoma,9,95,1,south,2019
47,wisconsin,5,54,oregon,12,72,1,south,2019
48,kansas-state,4,64,california-irvine,13,70,1,south,2019
49,villanova,6,61,saint-marys-ca,11,57,1,south,2019
50,purdue,3,61,old-dominion,14,48,1,south,2019
51,cincinnati,7,72,iowa,10,79,1,south,2019
52,tennessee,2,77,colgate,15,70,1,south,2019
53,virginia,1,63,oklahoma,9,51,2,south,2019
54,oregon,12,73,california-irvine,13,54,2,south,2019
55,villanova,6,61,purdue,3,87,2,south,2019
56,iowa,10,77,tennessee,2,83,2,south,2019
57,virginia,1,53,oregon,12,49,3,south,2019
58,purdue,3,99,tennessee,2,94,3,south,2019
59,virginia,1,80,purdue,3,75,4,south,2019
60,virginia,1,63,auburn,5,62,1,national,2019
61,texas-tech,3,61,michigan-state,2,51,1,national,2019
62,virginia,1,85,texas-tech,3,77,2,national,2019
